,product_id,product_id_crawl,product_detail_id,color,is_genuine,is_used,is_imported_goods,seller,sell_price
0,1,184036446,32033732,Đen,False,False,False,1,12490000
1,1,184036446,32033721,Trắng,False,False,False,1,11110000
2,1,184036446,32033719,Đen,False,False,False,1,10890000
3,1,184036446,32033734,Trắng,False,False,False,1,12490000
4,1,184036446,32033727,Xanh,False,False,False,1,10890000
5,2,123345348,70766419,Trắng,False,False,False,1,15290000
6,2,123345348,70766417,Đen,False,False,False,1,15290000
7,2,123345348,70766425,Xanh,False,False,False,1,15290000
8,2,123345348,70766423,Xanh,False,False,False,1,15700000
9,2,123345348,97736366,Tím,False,False,False,1,16150000
10,2,123345348,70766429,Trắng,False,False,False,1,17690000
11,2,123345348,70766427,Đen,False,False,False,1,16990000
12,2,123345348,70766435,Xanh,False,False,False,1,17690000
13,3,184059211,123547403,Trắng,False,False,False,1,18990000
14,3,184059211,123547432,Hồng,False,False,False,1,21620000
15,3,184059211,123547420,Xanh,False,False,False,1,18990000
16,3,184059211,168778791,Xanh,False,False,False,1,18990000
17,3,184059211,123547425,Xanh,False,False,False,1,21490000
18,3,184059211,123547399,Đen,False,False,False,1,19060000
19,3,184059211,123547428,Hồng,False,False,False,1,18990000
20,4,184058811,123554568,Xanh,False,False,False,1,24250000
21,4,184058811,168778789,Xanh,False,False,False,1,23990000
22,5,184061913,123554546,Xanh,False,False,False,1,29490000
23,5,184061913,123554524,Xám,False,False,False,1,29490000
24,5,184061913,123554531,Vàng,False,False,False,1,28990000
25,5,184061913,168778803,Xanh,False,False,False,1,26990000
26,5,184061913,123554551,Vàng,False,False,False,1,26990000
27,5,184061913,168778805,Xanh,False,False,False,1,29490000
28,5,184061913,123554562,Xanh,False,False,False,1,27290000
29,6,183243019,168721273,Trắng,False,False,False,1,12780000
30,6,183243019,168721298,Đỏ,False,False,False,1,11330000
31,11,183337963,183337964,,True,False,False,144219,7960000
32,11,183337963,183337964,,True,False,False,144219,7960000
33,11,183337963,183337964,,True,False,False,144219,7960000
34,11,183337963,183337964,,True,False,False,144219,7960000
35,11,183337963,183337964,,True,False,False,144219,7960000
36,11,183337963,183337964,,True,False,False,144219,7960000
37,11,183337963,183337964,,True,False,False,144219,7960000
38,11,183337963,183337964,,True,False,False,144219,7960000
39,13,55518608,55518610,Xanh,True,False,False,9141,990000
40,13,55518608,55518614,Đen,True,False,False,9141,990000
41,14,147969070,147969294,Tím,True,False,False,130073,2390000
42,14,147969070,147969294,Tím,True,False,False,130073,2390000
43,14,147969070,147969296,Xanh,True,False,False,130073,2390000
44,14,147969070,147969296,Xanh,True,False,False,130073,2390000
45,15,185225486,195945980,Đen,True,False,False,53024,2900000
46,15,185225486,195945981,,True,False,False,53024,2900000
47,16,140309479,144629008,Đen,True,False,False,179232,1159000
48,16,140309479,144629010,Xanh,True,False,False,179232,1159000
49,16,140309479,144629009,Vàng,True,False,False,179232,1159000
50,17,155833852,155833856,Xanh,True,False,False,29952,1839000
51,17,155833852,155833854,Đen,True,False,False,29952,1839000
52,17,155833852,155833858,Vàng,True,False,False,29952,1839000
53,18,108888574,108888578,Xanh,True,False,False,53024,800000
54,18,108888574,108888578,Xanh,True,False,False,53024,800000
55,18,108888574,108888576,Đen,True,False,False,53024,800000
56,18,108888574,108888576,Đen,True,False,False,53024,800000
57,18,108888574,108888580,Vàng,True,False,False,53024,800000
58,18,108888574,108888580,Vàng,True,False,False,53024,800000
59,19,199032361,199040922,Xanh,True,False,False,20704,1440000
60,20,119464777,138826716,Tím,True,False,False,179232,1569000
61,20,119464777,138826717,Xanh,True,False,False,179232,1569000
62,20,125600698,138828312,Xanh,True,False,False,179232,1569000
63,20,138305946,141648148,Tím,True,False,False,179232,1569000
64,20,138305946,141648148,Tím,True,False,False,179232,1569000
65,21,135332196,140621854,Xanh,True,False,False,162061,1790000
66,21,135332196,140621854,Xanh,True,False,False,162061,1790000
67,21,135332196,140621854,Xanh,True,False,False,162061,1790000
68,21,135332196,140621854,Xanh,True,False,False,162061,1790000
69,21,135332196,140621855,Vàng,True,False,False,162061,1790000
70,21,135332196,140621855,Vàng,True,False,False,162061,1790000
71,21,135332196,140621855,Vàng,True,False,False,162061,1790000
72,21,135332196,140621855,Vàng,True,False,False,162061,1790000
73,21,135322157,176059930,Xanh,True,False,False,29952,1799000
74,21,135322157,176059930,Xanh,True,False,False,29952,1799000
75,21,135322157,176059930,Xanh,True,False,False,29952,1799000
76,21,126050455,135538846,Xanh,True,False,False,179232,1689000
77,21,126050455,135538835,Vàng,True,False,False,179232,1689000
78,21,93502532,105178256,Xanh,True,False,False,162514,1919000
79,21,93502532,105178256,Xanh,True,False,False,162514,1919000
80,21,93502532,105191888,Vàng,True,False,False,162514,1919000
81,21,126051025,126051029,Xanh,True,False,False,20704,1590000
82,21,126051025,126051027,Vàng,True,False,False,20704,1590000
83,21,126296983,126296985,,True,False,False,222120,1790000
84,21,125595055,125595057,Xanh,True,False,False,222120,1990000
85,21,160303941,160303945,Vàng,True,False,False,162514,1939000
86,22,137153211,137153212,Blue,True,False,False,222120,1790000
87,22,137153211,137153212,Blue,True,False,False,222120,1790000
88,23,191477618,197539506,Xanh,True,False,False,162514,2039000
89,23,191477618,197539506,Xanh,True,False,False,162514,2039000
90,23,191477618,197539507,Xám,True,False,False,162514,2039000
91,23,191477618,197539507,Xám,True,False,False,162514,2039000
92,23,179438711,179438713,Xám,True,False,False,86805,2890000
93,23,179438711,179438713,Xám,True,False,False,86805,2890000
94,23,179438711,179438715,Xanh,True,False,False,86805,2540000
95,23,179438711,179438715,Xanh,True,False,False,86805,2540000
96,23,179930699,179930701,Xám,True,False,False,86805,2990000
97,23,179930699,179930701,Xám,True,False,False,86805,2990000
98,23,179930699,179930703,Xanh,True,False,False,86805,2640000
99,23,179930699,179930703,Xanh,True,False,False,86805,2640000
100,23,178575037,178575039,Xanh,True,False,False,29952,2069000
101,23,178575037,181787951,Xám,True,False,False,29952,2069000
102,23,179930704,179930708,Xanh,True,False,False,86805,3190000
103,23,179930704,179930708,Xanh,True,False,False,86805,3190000
104,23,179930704,179930706,Xám,True,False,False,86805,3190000
105,23,179930704,179930706,Xám,True,False,False,86805,3190000
106,23,181926713,181926715,Xanh dương,True,False,False,63,2890000
107,23,181926713,181926717,Xám,True,False,False,63,2890000
108,24,120295859,120295861,Xanh,True,False,False,1,1840000
109,24,125590981,125590983,Xanh,True,False,False,222120,2090000
110,24,170338359,191391356,Xanh,True,False,False,86805,2750000
111,25,200816421,200816425,Xanh,True,False,False,86805,3690000
112,25,200816421,200816423,Xanh,True,False,False,86805,3690000
113,26,147058165,147058167,Xanh,True,False,False,63,2890000
114,27,197889905,197889909,Xanh,True,False,False,29952,2779000
115,28,197553025,197553031,Xanh,True,False,False,86805,3590000
116,28,197553025,197553031,Xanh,True,False,False,86805,3590000
117,28,197553025,197553027,Xanh,True,False,False,1,2990000
118,28,197553025,197553029,Xám,True,False,False,86805,3390000
119,28,197553025,197553029,Xám,True,False,False,86805,3390000
120,28,197553025,197553033,Xám,True,False,False,86805,3590000
121,28,197553025,197553033,Xám,True,False,False,86805,3590000
122,28,198413871,198413873,Xám,True,False,False,222120,3590000
123,28,198413871,198413875,,True,False,False,222120,3590000
124,28,198413668,198413670,Xám,True,False,False,222120,3390000
125,28,198413668,198413672,,True,False,False,222120,3390000
126,29,179438706,179438710,Tím,True,False,False,86805,3790000
127,29,179438706,179438710,Tím,True,False,False,86805,3790000
128,30,150735429,150735434,,False,False,True,80348,15990000
129,30,150735429,150735436,,False,False,True,80348,17990000
130,31,147877951,147877953,,True,False,False,186025,15490000
131,32,193310183,193310185,Đen,True,False,False,1,15390000
132,32,193310183,193310187,Xanh,True,False,False,1,17340000
133,33,81034656,81034658,Đen,True,False,False,1,3290000
134,33,81034656,81034660,Xanh,True,False,False,1,3780000
135,33,141133864,141133866,Đen,True,False,False,29952,3879000
136,34,114766715,114766720,Xanh,True,False,False,1,3090000
137,34,114766715,114766722,Bạc,True,False,False,1,3090000
138,34,166034912,166034914,Bạc,True,False,False,1,2890000
139,34,166034912,166034916,Đen,True,False,False,1,2890000
140,35,164937168,164937170,Đen,True,False,False,1,2990000
141,35,164937168,164937172,Trắng,True,False,False,1,2990000
142,35,164923596,164923598,Đen,True,False,False,213861,4290000
143,35,164923596,164923600,Trắng,True,False,False,213861,4290000
144,35,142545270,159602762,Đen,True,False,False,162061,2750000
145,35,142545270,159602761,Xanh,True,False,False,118795,3290000
146,35,142545270,159602761,Xanh,True,False,False,118795,3290000
147,35,144870494,196876639,Đen,True,False,False,213861,3290000
148,35,145972424,145972426,Xanh,True,False,False,162514,2999000
149,35,145972424,145972428,Đen,True,False,False,162514,2999000
150,35,172303189,172304319,Xanh,True,False,False,179232,2869000
151,35,172303189,172304449,Đen,True,False,False,179232,2869000
152,35,192172856,192172860,Trắng,True,False,False,20704,3230000
153,36,132068858,132068862,Xanh,True,False,False,213861,4490000
154,36,132068858,132068862,Xanh,True,False,False,213861,4490000
155,36,132068858,132068862,Xanh,True,False,False,213861,4490000
156,36,132068858,179554821,Xanh,True,False,False,1,3750000
157,36,132068858,132068860,Đen,True,False,False,213861,4490000
158,36,132068858,132068860,Đen,True,False,False,213861,4490000
159,36,132068858,132068860,Đen,True,False,False,213861,4490000
160,36,132068858,132068860,Đen,True,False,False,213861,4490000
161,36,158461088,158461473,Xanh,True,False,False,20704,3800000
162,36,158461088,158461266,Đen,True,False,False,20704,3800000
163,36,158461088,189700515,Xanh,True,False,False,20704,3800000
164,36,181699369,181699379,Đen,True,False,False,150440,3990000
165,36,137572223,137572227,Xanh,True,False,False,179232,3869000
166,36,137572223,137572227,Xanh,True,False,False,179232,3869000
167,36,137572223,137572225,Đen,True,False,False,179232,3869000
168,36,137572223,137572225,Đen,True,False,False,179232,3869000
169,36,137572223,173719377,Xanh,True,False,False,179232,3869000
170,36,137572223,173719377,Xanh,True,False,False,179232,3869000
171,36,140163114,140163118,Đen,True,False,False,162514,3969000
172,36,179591105,179591111,Xanh,True,False,False,179232,3869000
173,36,164444757,164444758,Đen,True,False,False,212607,3890000
174,36,164444757,164444758,Đen,True,False,False,212607,3890000
175,37,189658085,189658087,Đen,True,False,False,1,3990000
176,37,189658085,189658089,Xanh,True,False,False,1,3990000
177,37,190544267,190544271,Xanh,True,False,False,29952,3859000
178,37,190544267,190544269,Đen,True,False,False,29952,3859000
179,37,192036708,192036710,Xanh,True,False,False,213861,4990000
180,37,192348147,192348151,Xanh,True,False,False,162514,4339000
181,37,192348147,192348149,Đen,True,False,False,162514,4339000
182,37,190701486,197600539,Đen,True,False,False,86805,4290000
183,37,196348143,196348162,Đen,True,False,False,20704,4100000
184,37,196348143,196348171,Xanh,True,False,False,20704,4100000
185,38,193128003,193128007,Bạc,True,False,False,1,4590000
186,38,193128003,193128005,Đen,True,False,False,1,4590000
187,39,174649410,174649412,Đen,True,False,False,20704,5490000
188,39,165700071,197581629,Xanh,True,False,False,86805,5690000
189,39,165700071,197581631,Đen,True,False,False,86805,5690000
190,40,200732479,200732483,Xanh,True,False,False,29952,5789000
191,40,200732479,200732481,Đen,True,False,False,29952,5789000
192,41,88255880,196395548,Bạc,True,False,False,1,4890000
193,41,88255880,88255888,Đen,True,False,False,1,5490000
194,41,100993285,100993289,Tím,True,True,False,20704,4990000
195,41,100993285,100993287,Đen,True,True,False,20704,4990000
196,41,124036010,124036012,Tím,True,False,False,162514,7690000
197,41,124036010,124036014,Đen,True,False,False,162514,7690000
198,42,173206400,173206402,Bạc,True,False,False,20704,6990000
199,42,173206400,173206406,Đen,True,False,False,20704,5269000
200,42,158348723,158348725,Đen,True,False,False,29952,5459000
201,42,158348723,158348727,Bạc,True,False,False,29952,5459000
202,42,158959446,158959450,Bạc,True,False,False,245735,7030000
203,42,158959446,158959448,Đen,True,False,False,245735,7030000
204,42,143059636,143059638,Đen,True,False,False,162514,6399000
205,42,143059636,143059640,Bạc,True,False,False,162514,6399000
206,42,142028538,197581636,Đen,True,False,False,86805,5990000
207,43,193979830,193979833,Đen,True,False,False,86805,6690000
208,43,193979830,193979833,Đen,True,False,False,86805,6690000
209,43,193979830,193979836,Hồng,True,False,False,1,6090000
210,43,198734319,198734327,Đen,True,False,False,20704,6650000
211,44,81027831,81027835,Đen,True,False,False,1,6950000
212,44,81027831,81027833,Bạc,True,False,False,1,6950000
213,45,113569117,113569119,Đen,True,False,False,179232,6290000
214,45,113569117,113569119,Đen,True,False,False,179232,6290000
215,45,113569117,113569121,Bạc,True,False,False,179232,6290000
216,45,113569117,113569121,Bạc,True,False,False,179232,6290000
217,46,177343384,177343386,Đen,True,False,False,1,6390000
218,46,177343384,177343388,Cam,True,False,False,1,7910000
219,47,168304536,168304540,Đen,True,False,False,1,9490000
220,48,190290064,190290066,,True,False,False,245735,7000000
221,48,176036536,176036540,Cam,True,False,False,213861,8990000
222,48,176036536,176036538,Đen,True,False,False,213861,8990000
223,48,186243828,186243832,Cam,True,False,False,20704,8990000
224,49,171110666,171110668,Đen,True,False,False,213861,12990000
225,49,171110666,171110670,Xanh,True,False,False,213861,12990000
226,50,173205160,173205168,Đen,True,False,False,20704,8290000
227,50,170338160,170338162,Đen,True,False,False,213861,10490000
228,51,194490386,194490388,Vàng,True,False,False,1,7990000
229,51,194490386,194490390,Đen,True,False,False,1,8250000
230,51,195352781,195352783,Đen,True,False,False,213861,8990000
231,51,195352781,195352783,Đen,True,False,False,213861,8990000
232,51,195352781,195352785,Vàng,True,False,False,213861,8990000
233,51,195352781,195352785,Vàng,True,False,False,213861,8990000
234,51,196343012,196343014,Vàng,True,False,False,20704,8090000
235,51,196343012,196343016,Đen,True,False,False,20704,8090000
236,52,194487223,194487227,Đen,True,False,False,1,12850000
237,52,194487223,194487225,Vàng,True,False,False,1,12850000
238,52,195247535,195247539,Vàng,True,False,False,213861,13990000
239,52,195247535,195247537,Đen,True,False,False,213861,13990000
240,53,194489407,194489411,Đen,True,False,False,1,9990000
241,53,194489407,194489409,Vàng,True,False,False,1,9990000
242,53,195333531,195333535,Vàng,True,False,False,213861,10490000
243,53,195333531,195333535,Vàng,True,False,False,213861,10490000
244,53,195333531,195333533,Đen,True,False,False,213861,10490000
245,53,195333531,195333533,Đen,True,False,False,213861,10490000
246,53,197497444,197497446,Đen,True,False,False,29952,9239000
247,53,196044608,196044688,Đen,True,False,False,20704,9395000
248,53,196044608,196044753,Vàng,True,False,False,20704,9395000
249,58,65492829,65492830,,True,False,False,2350,4390000
250,58,65492829,65492830,,True,False,False,2350,4390000
251,58,65492829,65492830,,True,False,False,2350,4390000
252,58,65492829,65492830,,True,False,False,2350,4390000
253,58,65492829,65492830,,True,False,False,2350,4390000
254,58,65492829,65492830,,True,False,False,2350,4390000
255,59,129868798,129868800,Đen,True,False,False,186025,8990000
256,59,128446446,128451311,Bạc,True,False,False,186025,12990000
257,60,195231834,195231840,Vàng,True,False,False,122357,11290000
258,60,195231834,195231836,,True,False,False,122357,11290000
259,60,195231834,195231838,Bạc,True,False,False,122357,11290000
260,61,197143907,197143915,,True,False,False,122357,4190000
261,61,197143907,197143911,,True,False,False,122357,4190000
262,61,197143907,197143919,Vàng,True,False,False,122357,4190000
263,61,197143907,197143917,Vàng,True,False,False,122357,3490000
264,61,197143907,197143909,,True,False,False,122357,3490000
265,61,197143907,197143913,,True,False,False,122357,3490000
266,62,58065346,110892866,Xanh,True,False,False,2198,2690000
267,62,58065346,110892866,Xanh,True,False,False,2198,2690000
268,62,58065346,110892868,Xám,True,False,False,2198,2690000
269,62,58065346,110892868,Xám,True,False,False,2198,2690000
270,63,172313857,172314390,Xám,True,False,False,86805,2490000
271,63,172313857,172314390,Xám,True,False,False,86805,2490000
272,63,172313857,172318943,Xanh Dương,True,False,False,86805,2490000
273,63,172313857,172318943,Xanh Dương,True,False,False,86805,2490000
274,63,172319352,172319466,Đen,True,False,False,179232,2419000
275,63,172319352,172320786,Xanh,True,False,False,179232,2419000
276,63,140747649,140747664,Xanh Dương,True,False,False,162514,3479000
277,63,140747649,140747664,Xanh Dương,True,False,False,162514,3479000
278,63,140747649,140747657,Xám,True,False,False,162514,3790000
279,63,140747649,140747657,Xám,True,False,False,162514,3790000
280,64,121252535,178098955,Đen,True,False,False,1,2790000
281,64,121252535,178098960,Xanh,True,False,False,1,2790000
282,64,137582801,137582803,Đen,True,False,False,86805,3690000
283,64,137582801,137582803,Đen,True,False,False,86805,3690000
284,64,137582801,137582803,Đen,True,False,False,86805,3690000
285,64,137582801,137582805,Xanh,True,False,False,86805,3690000
286,64,137582801,137582805,Xanh,True,False,False,86805,3690000
287,64,168520983,168521768,Đen,True,False,False,179232,2599000
288,64,141529940,141529942,Đen,True,False,False,86805,4290000
289,64,141529940,141529942,Đen,True,False,False,86805,4290000
290,64,141529940,141529942,Đen,True,False,False,86805,4290000
291,65,147426081,147426082,Đen,True,False,False,245735,3510000
292,65,147426081,147426082,Đen,True,False,False,245735,3510000
293,65,147426081,147426082,Đen,True,False,False,245735,3510000
294,66,144142520,144142536,Xám,True,False,False,29952,3879000
295,66,144142520,144142959,Xanh,True,False,False,29952,3879000
296,66,140144656,140144658,Xanh,True,False,False,162514,3889000
297,66,140144656,140144660,Xám,True,False,False,162514,3889000
298,67,184696247,184696249,Xanh lá,True,False,False,162061,3890000
299,67,184696247,184696249,Xanh lá,True,False,False,162061,3890000
300,67,184696247,184696251,Đen,True,False,False,162061,3890000
301,67,184696247,184696251,Đen,True,False,False,162061,3890000
302,68,197647955,197647957,Xanh,True,False,False,162061,2520000
303,68,197647955,197647959,Xanh,True,False,False,162061,2520000
304,68,197653568,197653570,Xanh Dương,True,False,False,162061,2220000
305,68,197653568,197653572,Xanh,True,False,False,162061,2220000
306,69,185887807,185887809,,True,False,False,186025,19990000
307,69,185887807,185887811,,True,False,False,186025,17490000
308,69,185887807,185887813,,True,False,False,186025,22490000
309,70,158714974,158714989,Đen,True,False,False,1,2590000
310,70,158714974,158714989,Đen,True,False,False,1,2590000
311,70,158714974,158714987,Xanh,True,False,False,1,2590000
312,70,158714974,158714987,Xanh,True,False,False,1,2590000
313,70,158714974,158714991,Đỏ,True,False,False,1,2590000
314,70,159725951,196153418,Xanh,True,True,False,20704,2650000
315,70,159725951,196153418,Xanh,True,True,False,20704,2650000
316,70,159725951,196153419,Đen,True,True,False,20704,2650000
317,70,159725951,196153419,Đen,True,True,False,20704,2650000
318,70,158880691,158880693,Đỏ,True,False,False,162514,2149000
319,70,158880691,158880695,Xanh dương,True,False,False,162514,2149000
320,70,158880691,158880697,Đen,True,False,False,162514,2149000
321,70,167611667,179233533,Xanh,True,True,False,179232,2899000
322,70,167611667,179233532,Đen,True,True,False,179232,2899000
323,70,158741127,158741129,Đen,True,False,False,86805,2990000
324,70,158741127,158741129,Đen,True,False,False,86805,2990000
325,70,158741127,158741129,Đen,True,False,False,86805,2990000
326,70,158741127,158741131,Xanh,True,False,False,86805,2990000
327,70,158741127,158741131,Xanh,True,False,False,86805,2990000
328,70,158741127,158741131,Xanh,True,False,False,86805,2990000
329,70,179234820,179234822,Xanh,True,False,False,179232,2349000
330,70,186148233,186148234,Đỏ,True,False,False,212607,2290000
331,70,186148233,186148234,Đỏ,True,False,False,212607,2290000
332,70,186148233,186148234,Đỏ,True,False,False,212607,2290000
333,70,186148233,186148234,Đỏ,True,False,False,212607,2290000
334,71,174865709,174865711,,True,False,False,261128,2845000
335,71,174865709,174865713,,True,False,False,261128,2845000
336,72,166389506,166389510,Đen,True,True,False,86805,2290000
337,72,166389506,166389510,Đen,True,True,False,86805,2290000
338,72,166389506,166389510,Đen,True,True,False,86805,2290000
339,72,166389506,166389508,Xanh,True,True,False,86805,2290000
340,72,166389506,166389508,Xanh,True,True,False,86805,2290000
341,72,166389506,197995736,Xanh lá,True,True,False,20704,2139000
342,72,166389506,197995734,,True,True,False,20704,2139000
343,72,166389506,198205945,Xám,True,True,False,20704,2139000
344,72,167495996,167496000,Xanh,True,False,False,179232,2129000
345,72,167495996,167496000,Xanh,True,False,False,179232,2129000
346,72,172001933,172001935,Đen,True,False,False,179232,2129000
347,72,172001933,172001937,Xanh Dương,True,False,False,179232,2129000
348,73,120450353,126022663,Đen,True,False,False,162514,2829000
349,73,120450353,126022663,Đen,True,False,False,162514,2829000
350,73,120450353,126022663,Đen,True,False,False,162514,2829000
351,73,120450353,126022664,Xanh,True,False,False,118795,3990000
352,73,120450353,126022664,Xanh,True,False,False,118795,3990000
353,73,120450353,126022664,Xanh,True,False,False,118795,3990000
354,73,120450353,126022664,Xanh,True,False,False,118795,3990000
355,73,120450353,126022664,Xanh,True,False,False,118795,3990000
356,73,119421964,119421968,Xanh,True,True,False,10016,2730000
357,73,119421964,119421966,Đen,True,True,False,10016,2730000
358,73,125766378,125766380,Đen,True,True,False,86805,3690000
359,73,125766378,125766380,Đen,True,True,False,86805,3690000
360,73,190109961,190109962,,True,False,False,128602,2750000
361,73,190109961,190109962,,True,False,False,128602,2750000
362,73,190109961,190109962,,True,False,False,128602,2750000
363,73,190109961,190109962,,True,False,False,128602,2750000
364,73,127372598,135605934,Đen,True,True,False,179232,2399000
365,73,127372598,135606038,Xanh,True,True,False,179232,2399000
366,73,156000562,156000566,Đen,True,False,False,29952,2529000
367,73,188712123,188712124,Xanh,True,False,False,212607,3190000
368,73,188712123,188712124,Xanh,True,False,False,212607,3190000
369,73,188712123,188712124,Xanh,True,False,False,212607,3190000
370,74,197670818,197670822,Xanh,True,False,False,1,3590000
371,74,197670818,197670824,,True,False,False,1,3590000
372,74,197670818,197670820,Đen,True,False,False,1,3590000
373,74,197966909,197966911,Đen,True,False,False,29952,3389000
374,74,197966909,197966913,Xanh,True,False,False,29952,3389000
375,74,197966909,197966915,Hồng,True,False,False,29952,3389000
376,74,198858451,198858453,Đen,True,False,False,162514,3469000
377,74,198858451,198858461,Xanh dương,True,False,False,162514,3469000
378,74,198858451,198858463,,True,False,False,162514,3469000
379,74,198671718,198671722,Xanh lá,True,True,False,20704,3990000
380,74,198671718,198671724,Đen,True,True,False,20704,3990000
381,74,198671718,198671720,,True,True,False,20704,3990000
382,75,170580388,170580391,Đen,True,False,False,1,3990000
383,75,170580388,170580394,Xanh,True,False,False,1,3990000
384,75,170580388,170580396,Cam,True,False,False,1,3990000
385,75,173764269,173764273,Đen,True,True,False,20704,4690000
386,75,173764269,173764273,Đen,True,True,False,20704,4690000
387,75,173764269,173764275,Xanh,True,True,False,20704,4690000
388,75,173764269,173764275,Xanh,True,True,False,20704,4690000
389,75,173764269,173764275,Xanh,True,True,False,20704,4690000
390,75,173764269,173764271,Cam,True,True,False,20704,3790000
391,75,173764269,173764271,Cam,True,True,False,20704,3790000
392,75,187254759,187254763,Xanh,True,False,False,1,4190000
393,75,187254759,187254761,Đen,True,False,False,1,4150000
394,75,172309326,172309328,Đen,True,False,False,29952,3709000
395,75,172309326,172309330,Xanh,True,False,False,29952,3709000
396,75,172826900,172826902,Đen,True,False,False,162514,3679000
397,75,188701588,188701589,Cam,True,False,False,212607,3990000
398,75,188701588,188701589,Cam,True,False,False,212607,3990000
399,75,188701588,188701589,Cam,True,False,False,212607,3990000
400,75,174604032,174604036,Xanh,True,False,False,261128,4330000
401,75,174604032,174604038,Đen,True,False,False,261128,4330000
402,75,188701409,188701410,Đen,True,False,False,212607,3990000
403,75,188701409,188701410,Đen,True,False,False,212607,3990000
404,76,124877310,191275490,Xanh,True,True,False,86805,4990000
405,76,175167498,175167500,,True,False,False,261128,4830000
406,76,175167498,175167504,,True,False,False,261128,4830000
407,76,175167498,175167502,,True,False,False,261128,4830000
408,76,159887161,159887173,Đen,True,False,False,261128,5850000
409,76,191548108,191548110,Xanh,True,False,False,245735,5490000
410,76,191548108,191548112,Đen,True,False,False,245735,5490000
411,77,170581659,184226480,Xanh,True,False,False,259954,5390000
412,77,170581659,184226481,Cam,True,False,False,1,4290000
413,77,173764601,173764603,Cam,True,True,False,77917,5685000
414,77,173764601,173764603,Cam,True,True,False,77917,5685000
415,77,173764601,173764607,Đen,True,True,False,86805,5690000
416,77,173764601,173764607,Đen,True,True,False,86805,5690000
417,77,173764601,173764607,Đen,True,True,False,86805,5690000
418,77,188698703,188698704,Cam,True,False,False,212607,5290000
419,77,188698703,188698704,Cam,True,False,False,212607,5290000
420,77,188698703,188698704,Cam,True,False,False,212607,5290000
421,77,188698703,188698704,Cam,True,False,False,212607,5290000
422,77,172178476,172178479,Đen,True,False,False,29952,4469000
423,77,172178476,172178487,Cam,True,False,False,29952,4469000
424,77,172178476,172178483,Xanh,True,False,False,29952,4469000
425,77,172828967,172828971,Cam,True,False,False,162514,4419000
426,77,172828967,172828969,Đen,True,False,False,162514,4419000
427,77,172828967,172828973,Xanh,True,False,False,162514,4419000
428,77,174630782,174630786,Xanh,True,False,False,261128,5050000
429,77,174630782,174630784,Đen,True,False,False,261128,5050000
430,77,174630782,174630788,Cam,True,False,False,261128,5050000
431,77,188698092,188698093,Đen,True,False,False,212607,5290000
432,77,188698092,188698093,Đen,True,False,False,212607,5290000
433,77,188698092,188698093,Đen,True,False,False,212607,5290000
434,78,88100671,93722334,,True,False,False,1,4980000
435,78,88100671,93722332,,True,False,False,1,5290000
436,78,88100671,93722332,,True,False,False,1,5290000
437,78,88100671,93722332,,True,False,False,1,5290000
438,78,88100671,93722335,,True,False,False,1,5290000
439,78,88100671,93722335,,True,False,False,1,5290000
440,78,88100671,93722335,,True,False,False,1,5290000
441,78,102077313,102077370,Đen,True,True,False,20704,4820000
442,78,102077313,102077524,Xanh,True,True,False,20704,4820000
443,78,164758308,164758339,Đen,True,True,False,20704,5190000
444,78,164758308,164758310,Xanh,True,True,False,20704,5190000
445,78,169307929,169307934,Tím,True,False,False,261128,6490000
446,79,177141832,177141834,Xanh,True,True,False,20704,6390000
447,79,177141832,177141834,Xanh,True,True,False,20704,6390000
448,79,177141832,177141836,Đen,True,True,False,20704,6390000
449,79,177141832,177141836,Đen,True,True,False,20704,6390000
450,79,175147005,175147007,Xanh,True,False,False,162514,6109000
451,79,174422886,174422890,Xanh,True,False,False,29952,6189000
452,79,181699058,181699066,Đen,True,False,False,150440,7790000
453,79,181699058,181699070,,True,False,False,150440,7790000
454,79,181699058,181699064,Xanh Dương,True,False,False,150440,7790000
455,79,188833794,188833795,Xanh,True,False,False,212607,6690000
456,79,188833794,188833795,Xanh,True,False,False,212607,6690000
457,79,188833794,188833795,Xanh,True,False,False,212607,6690000
458,79,188833794,188833795,Xanh,True,False,False,212607,6690000
459,79,181517965,181517967,Xanh,True,True,False,10016,8990000
460,79,181517965,181517969,Đen,True,True,False,10016,8990000
461,79,181517965,181517973,Cam,True,True,False,10016,8990000
462,79,181517965,181517971,Trắng,True,True,False,10016,8990000
463,80,199671067,199671076,Xanh,True,False,False,86805,9290000
464,80,199671067,199671073,Đen,True,False,False,86805,9290000
465,81,174890393,174890401,,True,False,False,261128,9990000
466,81,174890393,174890397,,True,False,False,261128,9990000
467,81,174890393,174890395,,True,False,False,261128,9990000
468,82,126219116,144532610,Tím,True,True,False,77917,8300000
469,82,126219116,144532607,Trắng,True,True,False,77917,8300000
470,82,126219116,144532609,Xanh,True,True,False,77917,8300000
471,82,126219116,144532608,Đen,True,True,False,77917,8300000
472,83,170497385,170497389,Đen,True,False,False,1,7990000
473,83,170497385,170497391,Xanh,True,False,False,1,7990000
474,83,170497385,170497393,Trắng,True,False,False,1,9400000
475,83,171934203,171936550,Trắng,True,True,False,20704,7729000
476,83,171934203,171936550,Trắng,True,True,False,20704,7729000
477,83,171934203,171937254,Cam,True,True,False,20704,7729000
478,83,171934203,171937254,Cam,True,True,False,20704,7729000
479,83,171934203,171936934,Đen,True,True,False,20704,7729000
480,83,171934203,171936934,Đen,True,True,False,20704,7729000
481,83,171934203,171937359,Xanh,True,True,False,20704,7690000
482,83,171169353,171169355,Đen,True,False,False,86805,9990000
483,83,171169353,171169355,Đen,True,False,False,86805,9990000
484,83,171169353,171169359,Cam,True,False,False,86805,9990000
485,83,171169353,171169357,Xanh,True,False,False,86805,9990000
486,83,172949839,172949841,Đen,True,False,False,162514,7689000
487,83,172949839,172949843,Cam,True,False,False,162514,9990000
488,83,178951652,178951654,Xanh,True,True,False,10016,9990000
489,83,174067758,174067760,Cam,True,False,False,261128,9690000
490,83,174067758,174067762,Xanh,True,False,False,261128,9690000
491,83,188832832,188832833,Xanh,True,False,False,212607,9390000
492,83,188832832,188832833,Xanh,True,False,False,212607,9390000
493,83,181699331,181699342,Xanh Dương,True,False,False,150440,9590000
494,84,190702241,190702242,Xám,True,False,False,212607,11390000
495,84,190702241,190702242,Xám,True,False,False,212607,11390000
496,84,190702241,190702242,Xám,True,False,False,212607,11390000
497,84,190702241,190702242,Xám,True,False,False,212607,11390000
498,84,190702241,190702242,Xám,True,False,False,212607,11390000
499,84,190702241,190702242,Xám,True,False,False,212607,11390000
500,84,190702241,190702242,Xám,True,False,False,212607,11390000
501,85,177746939,184786657,Xanh lá,True,True,False,77917,9594000
502,85,177746939,184786658,Trắng,True,True,False,20704,11990000
503,85,177746939,184786658,Trắng,True,True,False,20704,11990000
504,85,177746939,184786659,Xám,True,True,False,20704,11990000
505,85,177746939,184786659,Xám,True,True,False,20704,11990000
506,85,178000116,178000122,Xanh,True,False,False,162514,11990000
507,85,176713246,176713248,Xám,True,False,False,29952,9689000
508,85,176713246,176713250,Xanh,True,False,False,29952,9689000
509,85,190558349,190558351,,True,False,False,150440,11590000
510,86,89888994,146648972,Xanh,True,False,False,179232,2869000
511,86,89888994,146648973,Đen,True,False,False,179232,2849000
512,86,99376042,160203328,Xanh,True,False,False,179232,3499000
513,86,99376042,160203329,Đen,True,False,False,179232,3499000
514,86,160203316,160203318,Xanh,True,True,False,179232,3499000
515,86,160203316,160203320,Đen,True,True,False,179232,3499000
516,87,128865871,128865875,Xanh,True,True,False,20704,5990000
517,87,128865871,128865873,Đen,True,True,False,20704,4490000
518,87,128865871,128865877,Trắng,True,True,False,20704,4490000
519,88,62269749,63465870,,True,True,False,77917,28990000
520,89,175845367,175845369,Xanh,True,True,False,1,8990000
521,89,175845367,175845371,Xanh,True,True,False,1,8990000
522,89,175967811,175967820,Xanh,True,False,False,261128,8850000
523,89,175967811,175967814,Xanh,True,False,False,261128,8850000
524,90,159887168,159887181,,True,False,False,261128,12485000
525,90,159887168,159887185,,True,False,False,261128,12485000
526,90,159853930,159853932,Đen,True,False,False,29952,12489000
527,90,159853930,159853938,Trắng,True,False,False,29952,12489000
528,90,167219399,167219405,Đen,True,False,False,162514,13859000
529,90,167219399,167219401,Tím,True,False,False,162514,18990000
530,90,172670979,172670981,Đen,True,False,False,29952,13989000
531,90,172670979,172670985,Tím,True,False,False,29952,13989000
532,90,172670979,172670983,Xanh,True,False,False,29952,13989000
533,91,162478086,162478092,Đen,True,False,False,1,14990000
534,91,162478086,162478090,Xanh,True,False,False,1,15490000
535,91,162478086,162478094,Trắng,True,False,False,1,14990000
536,91,168844555,168844571,Đen,True,False,False,261128,22389000
537,91,168844555,168844557,Xanh,True,False,False,261128,20970000
538,91,168844555,168844563,Hồng,True,False,False,261128,22389000
539,91,168844555,168844559,Xanh,True,False,False,261128,22389000
540,91,168844555,168844569,Đen,True,False,False,261128,20970000
541,91,168844555,168844565,Trắng,True,False,False,261128,20970000
542,91,168844555,168844561,Hồng,True,False,False,261128,20970000
543,91,168844555,168844567,Trắng,True,False,False,261128,22389000
544,91,167952107,167952115,Trắng,True,True,False,20704,14939000
545,91,168953347,168953352,Đen,True,True,False,20704,15662000
546,91,168953347,168953350,Hồng,True,True,False,20704,15662000
547,91,168953347,168953356,Trắng,True,True,False,20704,15662000
548,92,162583980,162583984,Trắng,True,False,False,1,18790000
549,92,162583980,162583986,Hồng,True,False,False,1,18790000
550,92,162583902,162583908,Hồng,True,False,False,1,18390000
551,92,168055450,168055466,Đen,True,True,False,20704,25990000
552,92,174599533,174599539,Xanh,True,False,False,261128,26223000
553,92,174599533,174599537,Hồng,True,False,False,261128,26223000
554,92,174599533,174599541,Đen,True,False,False,261128,26223000
555,92,174598949,174598953,Trắng,True,False,False,261128,24912000
556,92,174598949,174598951,Hồng,True,False,False,261128,24912000
557,92,174598949,174598955,Xanh,True,False,False,261128,24912000
558,92,174598949,174598957,Đen,True,False,False,261128,24912000
559,93,171323116,171323122,Xanh,True,True,False,1,27990000
560,93,188128834,188128835,Đen,True,False,False,212607,23490000
561,93,188128834,188128835,Đen,True,False,False,212607,23490000
562,93,188129338,188129339,Trắng,True,False,False,212607,23490000
563,93,188129338,188129339,Trắng,True,False,False,212607,23490000
564,94,162593136,162593142,Xanh,True,False,False,1,24990000
565,94,162593136,162593140,Đen,True,False,False,1,26490000
566,94,162593114,162593120,Trắng,True,False,False,259954,25490000
567,94,162593114,162593120,Trắng,True,False,False,259954,25490000
568,94,162593187,162593195,Trắng,True,False,False,1,26990000
569,94,162593187,162593189,Đỏ,True,False,False,1,26990000
570,94,162593187,162593191,Đen,True,False,False,1,26990000
571,94,190530084,190530088,Xanh,True,True,False,10016,21890000
572,94,190530084,190530086,Đỏ,True,True,False,10016,21890000
573,94,174593387,174593391,Xanh,True,False,False,261128,35607000
574,94,174593387,174593393,Đỏ,True,False,False,261128,35607000
575,94,174593387,174593389,Trắng,True,False,False,261128,26975000
576,94,174593387,174593395,Đen,True,False,False,261128,35607000
577,94,168940033,168940035,Trắng,True,False,False,261128,22565000
578,94,168940033,168940039,Xanh,True,False,False,261128,22565000
579,94,168940033,168940037,Đỏ,True,False,False,261128,22565000
580,94,168940033,168940041,Đen,True,False,False,261128,22565000
581,94,171117665,171117694,Trắng,True,True,False,20704,21950000
582,94,171117665,171117700,Xanh lá,True,True,False,20704,21950000
583,94,171117665,171117696,Đen,True,True,False,20704,21950000
584,94,174589577,174589583,Đỏ,True,False,False,261128,32782000
585,94,174589577,174589585,Đen,True,False,False,261128,24360000
586,94,174589577,174589579,Trắng,True,False,False,261128,24360000
587,94,179717941,179717943,Xanh,True,True,False,10016,33990000
588,94,179717941,179717945,Đen,True,True,False,10016,33990000
589,94,179717941,179717949,Trắng,True,True,False,10016,33990000
590,94,179717941,179717947,Đỏ,True,True,False,10016,33990000
591,94,171121228,171121236,Xanh lá,True,True,False,20704,25890000
592,94,171121228,171121234,Đen,True,True,False,20704,25890000
593,94,171121793,171121797,Đen,True,True,False,20704,29090000
594,95,175174449,175174452,Đen,True,False,False,162514,22109000
595,96,132234204,132234212,Đen,True,True,False,77917,29990000
596,96,132234204,132234251,,True,True,False,77917,22590000
597,96,132234204,132234264,Kem,True,True,False,77917,22700000
598,97,159887243,159887262,Đen,True,False,False,261128,22250000
599,97,159887172,159887192,Xanh,True,False,False,261128,22450000
600,98,194034217,194034219,Vàng,True,False,False,1,19990000
601,98,194034217,194034221,Xám,True,False,False,1,19990000
602,98,194034217,194034225,,True,False,False,1,19990000
603,98,194037967,194037971,Xanh,True,False,False,1,21990000
604,98,194037967,194037969,Vàng,True,False,False,1,21990000
605,98,194037967,194037975,Xám,True,False,False,1,21990000
606,98,196094112,196094114,Xám,True,True,False,10016,23990000
607,98,196094112,196094116,Tím,True,True,False,10016,23990000
608,98,196094112,196094118,Xanh,True,True,False,10016,23990000
609,98,196094112,196094120,Hồng,True,True,False,10016,23990000
610,98,196282354,196282456,Xám,True,True,False,20704,18900000
611,98,196282354,196282460,Tím,True,True,False,20704,18900000
612,98,196282354,196282462,Xanh,True,True,False,20704,18900000
613,98,197605015,197605021,,True,False,False,261128,23990000
614,98,197605015,197605066,,True,False,False,261128,23990000
615,98,197605015,197605062,,True,False,False,261128,23990000
616,98,197605015,197605083,,True,False,False,261128,23990000
617,98,197605015,197605099,,True,False,False,261128,25990000
618,98,197605015,197605102,,True,False,False,261128,25990000
619,98,197605015,197605121,,True,False,False,261128,25990000
620,99,193209870,193209871,Vàng,True,False,False,212607,21490000
621,99,193209870,193209871,Vàng,True,False,False,212607,21490000
622,99,193209870,193209871,Vàng,True,False,False,212607,21490000
623,99,193209870,193209871,Vàng,True,False,False,212607,21490000
624,99,193209870,193209871,Vàng,True,False,False,212607,21490000
625,99,193209870,193209871,Vàng,True,False,False,212607,21490000
626,100,159887246,159887269,Bạc,True,False,False,261128,34950000
627,100,159887246,159887263,Xanh,True,False,False,261128,34950000
628,101,194041977,194041983,Đen,True,False,False,1,39290000
629,101,194041977,194041981,Xanh,True,False,False,1,39290000
630,101,194041787,194041791,Đen,True,False,False,1,35990000
631,101,194041787,194041789,,True,False,False,1,35990000
632,101,194041787,194041793,Xanh,True,False,False,1,35990000
633,101,197605784,197605787,,True,False,False,261128,40990000
634,101,197605784,197605800,,True,False,False,261128,44490000
635,101,197605784,197605794,,True,False,False,261128,40990000
636,101,197605784,197605798,,True,False,False,261128,44490000
637,101,197605784,197605789,,True,False,False,261128,40990000
638,102,193206340,193206341,Xám,True,False,False,212607,35990000
639,102,193206340,193206341,Xám,True,False,False,212607,35990000
640,102,196338179,196342122,Đen,True,True,False,20704,37500000
641,102,196338179,196342118,Kem,True,True,False,20704,37500000
642,102,193207281,193207282,Kem,True,False,False,212607,39490000
643,102,193207281,193207282,Kem,True,False,False,212607,39490000
644,102,193207281,193207282,Kem,True,False,False,212607,39490000
645,102,193207281,193207282,Kem,True,False,False,212607,39490000
646,103,149776401,171189045,Xanh,True,False,False,179232,999000
647,104,171190775,171190791,Hồng,True,False,False,179232,1049000
648,104,171190775,171190777,Xanh,True,False,False,179232,1049000
649,105,198256127,198256129,,False,False,False,1,4190000
650,105,198256127,198256131,,False,False,False,1,4190000
651,106,198256132,198256136,,False,False,False,1,2190000
652,106,198256132,198256134,,False,False,False,1,2190000
653,107,198254452,198254456,,True,False,False,1,3490000
654,107,198254452,198254454,,True,False,False,1,3490000
655,107,198254452,198254458,,True,False,False,1,3490000
656,108,143358429,143358433,,True,False,False,189668,2090000
657,108,143358429,143358433,,True,False,False,189668,2090000
658,108,185931194,185931196,Xanh,True,False,False,179232,2039000
659,108,185931194,185931198,Xanh,True,False,False,179232,2039000
660,109,107348438,107348442,Bạc,True,False,False,189668,4290000
661,109,107348438,107348442,Bạc,True,False,False,189668,4290000
662,109,107348438,168461597,Xanh,True,False,False,189668,4290000
663,109,107348438,168461597,Xanh,True,False,False,189668,4290000
664,109,197119751,197119752,Xanh,True,False,False,80348,3490000
665,109,197119751,197119752,Xanh,True,False,False,80348,3490000
666,110,187266104,187266106,Xanh,True,False,False,189668,4290000
667,110,197211969,197644536,Xanh,True,False,False,80348,4250000
668,111,143359355,149334319,,True,False,False,29952,2519000
669,111,143359355,149334317,Xanh,True,False,False,29952,2519000
670,112,133599948,135596563,,True,False,False,179232,2579000
671,112,133599948,135596523,,True,False,False,179232,2579000
672,112,173450217,173450221,Xanh,True,False,False,179232,2579000
673,112,173450217,173450219,Đen,True,False,False,179232,2579000
674,112,138873172,142245118,Xanh,True,False,False,162514,2749000
675,112,138873172,142245118,Xanh,True,False,False,162514,2749000
676,112,138873172,142245116,Đen,True,False,False,29952,2679000
677,113,198587877,195319304,Đen,True,False,False,1,2210000
678,113,198587877,195319304,Đen,True,False,False,1,2210000
679,113,198587877,195319301,Xanh,True,False,False,1,2210000
680,113,198587877,195319301,Xanh,True,False,False,1,2210000
681,113,172340710,172340712,Đen,True,False,False,179232,2499000
682,113,172340710,172340714,Xanh,True,False,False,179232,2499000
683,113,168304456,168304458,,True,False,False,189668,2549000
684,113,168304456,168304460,,True,False,False,80348,2590000
685,113,168304456,168304460,,True,False,False,80348,2590000
686,113,197638478,197638482,Đen,True,False,False,162061,1990000
687,113,197638478,197638480,Xanh,True,False,False,162061,1990000
688,113,197638478,197638484,Xám,True,False,False,162061,1990000
689,113,197638478,197638486,Tím,True,False,False,162061,1990000
690,113,173164387,173164389,,True,False,False,189668,2990000
691,113,173164387,173164391,,True,False,False,189668,2990000
692,114,181266509,181266510,,True,False,False,2350,5290000
693,114,181266509,181266510,,True,False,False,2350,5290000
694,115,29931445,29931447,,True,False,False,2350,2990000
695,116,179159226,179159230,Xanh,True,False,False,1,6990000
696,117,179159231,181215759,Đen,True,False,False,162061,3890000
697,117,179159231,181215759,Đen,True,False,False,162061,3890000
698,117,179159231,181215758,Xanh,True,False,False,162061,3890000
699,117,179159231,181215758,Xanh,True,False,False,162061,3890000
700,117,196760330,196760334,Xanh,True,False,False,29952,4049000
701,117,196760330,196760332,Đen,True,False,False,29952,4049000
702,117,184667324,184667328,Đen,True,False,False,235971,5290000
703,117,184667324,184667326,Xanh,True,False,False,235971,5290000
704,117,196960146,196960177,Xanh,True,False,False,162514,4490000
705,117,196960146,196960184,Đen,True,False,False,162514,4229000
706,118,158091991,158091993,Đen,True,False,False,1,9950000
707,119,143850131,143850133,,True,False,False,162514,5539000
708,119,140221779,140221781,Đen,True,False,False,235971,8490000
709,119,140221779,140221781,Đen,True,False,False,235971,8490000
710,119,188941654,188941655,Đen,True,False,False,212607,5990000
711,119,188941654,188941655,Đen,True,False,False,212607,5990000
712,119,188941654,188941655,Đen,True,False,False,212607,5990000
713,119,188941654,188941655,Đen,True,False,False,212607,5990000
714,120,198203859,198203865,Đen,True,False,False,235971,9690000
715,120,198203859,198203862,Vàng,True,False,False,235971,9690000
716,121,198111545,198123395,,True,False,False,235971,7990000
717,121,198111545,198123393,,True,False,False,235971,7990000
718,122,73509365,73509369,Xanh dương,True,False,False,1,9990000
719,123,123561325,144753790,Đen,True,False,False,235971,19990000
720,123,123561325,144753789,Xanh,True,False,False,235971,19990000
721,124,196519562,197644116,Xanh,True,False,False,29952,2990000
722,125,193263880,193263889,Đen,True,False,False,245735,3490000
723,125,193263880,193263889,Đen,True,False,False,245735,3490000
724,125,193263880,193263889,Đen,True,False,False,245735,3490000
725,125,193263880,193263882,Xanh,True,False,False,1,3050000
726,125,193263880,193263882,Xanh,True,False,False,1,3050000
727,125,194125248,194125250,,True,False,False,235971,3200000
728,125,194125248,194125252,,True,False,False,235971,3200000
729,125,196522828,196522830,Đen,True,False,False,29952,3159000
730,125,196522828,196522832,Xanh,True,False,False,29952,3159000
731,125,197186749,197186753,Xanh,True,False,False,162514,3279000
732,126,145867907,145867908,Đen,True,False,False,245735,2990000
733,126,145867907,145867908,Đen,True,False,False,245735,2990000
734,126,145867907,145867908,Đen,True,False,False,245735,2990000
735,126,145867907,145867908,Đen,True,False,False,245735,2990000
736,126,137203873,145501018,Xanh,True,False,False,179232,2790000
737,126,164433441,164433442,Đen,True,False,False,212607,2750000
738,126,164433441,164433442,Đen,True,False,False,212607,2750000
739,126,164433441,164433442,Đen,True,False,False,212607,2750000
740,126,162033655,162033657,Xanh,True,False,False,29952,2829000
741,126,147438290,147438293,Xanh,True,False,False,63,2790000
742,126,164435092,164435093,Xanh,True,False,False,212607,2750000
743,126,164435092,164435093,Xanh,True,False,False,212607,2750000
744,127,196193895,197601733,,True,False,False,235971,4190000
745,127,196193895,197601733,,True,False,False,235971,4190000
746,127,196193895,197601733,,True,False,False,235971,4190000
747,127,196193895,197601732,Vàng,True,False,False,235971,4190000
748,127,196193895,197601732,Vàng,True,False,False,235971,4190000
749,127,196193895,197601732,Vàng,True,False,False,235971,4190000
750,127,200792014,200792016,Vàng,True,False,False,20704,4490000
751,127,200792014,200792018,Đen,True,False,False,20704,4490000
752,129,145751360,145751361,Xanh,True,False,False,245735,5490000
753,129,145751360,145751361,Xanh,True,False,False,245735,5490000
754,129,145751360,145751361,Xanh,True,False,False,245735,5490000
755,129,145751360,145751361,Xanh,True,False,False,245735,5490000
756,129,145751360,145751361,Xanh,True,False,False,245735,5490000
757,129,145751360,145751361,Xanh,True,False,False,245735,5490000
758,129,188907271,188907272,Trắng,True,False,False,212607,4490000
759,129,188907271,188907272,Trắng,True,False,False,212607,4490000
760,129,188907271,188907272,Trắng,True,False,False,212607,4490000
761,129,188907271,188907272,Trắng,True,False,False,212607,4490000
762,130,195323206,195323208,Xanh,True,False,False,235971,5490000
763,130,195323206,195323208,Xanh,True,False,False,235971,5490000
764,130,195323206,195323208,Xanh,True,False,False,235971,5490000
765,130,195323206,195323210,Xanh,True,False,False,235971,5490000
766,130,195323206,195323210,Xanh,True,False,False,235971,5490000
767,130,195323206,195323210,Xanh,True,False,False,235971,5490000
768,131,151588148,151588150,Đen,True,False,False,1,5310000
769,131,151588148,151588150,Đen,True,False,False,1,5310000
770,131,158895857,158895859,Xanh,True,False,False,162514,5839000
771,131,158895857,158895861,Đen,True,False,False,162514,5839000
772,131,160797086,160797088,Đen,True,False,False,245735,6690000
773,131,160797086,160797088,Đen,True,False,False,245735,6690000
774,132,140184098,140184100,Xanh,True,False,False,29952,1439000
775,133,67910637,114644639,Trắng,True,False,False,197113,3190000
776,133,67910637,114644641,Đen,True,False,False,197113,3190000
777,133,67910637,114644642,Xanh,True,False,False,197113,3190000
778,133,67910637,114644643,Trắng,True,False,False,197113,3290000
779,133,67910637,114644644,Xanh,True,False,False,197113,3290000
780,133,67910637,114644640,Đen,True,False,False,197113,3290000
781,134,127076439,127076446,Đen,True,False,False,1,7750000
782,135,127058581,127058583,Xám,True,False,False,1,8550000
783,136,186591556,186591561,Xám,True,False,True,39195,10990000
784,137,191267387,191267388,,True,False,False,68127,7790000
785,137,191267387,191267388,,True,False,False,68127,7790000
786,137,191267387,191267388,,True,False,False,68127,7790000
787,138,195334253,195334266,,True,False,False,122357,8990000
788,138,195334253,195334255,,True,False,False,122357,7990000
789,138,195334253,195334257,,True,False,False,122357,8990000
790,138,195334253,195334263,,True,False,False,122357,7990000
791,138,195334253,195334259,Bạc,True,False,False,122357,7990000
792,139,195311658,195311660,,True,False,False,122357,7290000
793,139,195311658,195311668,Bạc,True,False,False,122357,7290000
794,139,195311658,195311664,,True,False,False,122357,7290000
795,139,195311658,195311666,,True,False,False,122357,8290000
796,139,195311658,195311662,,True,False,False,122357,8290000
797,140,195318889,195318893,,True,False,False,122357,6240000
798,140,195318889,195318897,,True,False,False,122357,6240000
799,141,168365980,168365982,Đen,True,False,False,68127,5890000
800,141,168365980,168365992,Xanh,True,False,False,68127,6890000
801,142,126682340,126682346,Xám,True,False,False,162514,3579000
802,142,126682340,126682344,Trắng,True,False,False,162514,3579000
803,142,126682340,126682342,Xanh,True,False,False,162514,3659000
804,142,121744434,121744440,Trắng,True,False,False,29952,3589000
805,142,121744434,121744436,Xám,True,False,False,29952,3589000
806,143,181699158,181699176,Xám,True,False,False,150440,4790000
807,143,181699158,181699174,Xám,True,False,False,150440,4090000
808,144,189677315,189677319,Xám,True,False,False,86805,2890000
809,144,189677315,189677319,Xám,True,False,False,86805,2890000
810,144,189677315,189677319,Xám,True,False,False,86805,2890000
811,144,189677315,189677322,Bạc,True,False,False,86805,2890000
812,144,189677315,189677322,Bạc,True,False,False,86805,2890000
813,144,189677315,189677322,Bạc,True,False,False,86805,2890000
814,144,189677315,189677317,Xanh,True,False,False,86805,2890000
815,144,189677315,189677317,Xanh,True,False,False,86805,2890000
816,144,189677315,189677317,Xanh,True,False,False,86805,2890000
817,144,189466001,189466003,,True,False,False,162514,2369000
818,144,189466001,189466005,Bạc,True,False,False,162514,2369000
819,144,189466001,189466007,Xám,True,False,False,162514,2369000
820,144,191629873,191629875,Xám,True,False,False,20704,2390000
821,144,191629873,191629877,Xanh,True,False,False,20704,2390000
822,144,191629873,191629879,Bạc,True,False,False,20704,2390000
823,144,190547041,190547045,Bạc,True,False,False,29952,2339000
824,144,190547041,190547043,Xám,True,False,False,29952,2339000
825,144,190547041,190547047,Xanh,True,False,False,29952,2339000
826,145,195330986,195330988,Xanh,True,False,False,122357,2490000
827,145,195330986,195330996,Bạc,True,False,False,122357,2490000
828,145,195330986,195330992,Xám,True,False,False,122357,2490000
829,146,191916060,191916064,Xám,True,False,False,63,2320000
830,146,191916060,191916062,Xám,True,False,False,63,2320000
831,146,191916060,191916066,Xanh dương,True,False,False,63,2320000
832,147,172589109,172589113,Xanh Dương,True,False,False,179232,3259000
833,147,172589109,172589115,Xám,True,False,False,162514,3266000
834,147,172589109,172589115,Xám,True,False,False,162514,3266000
835,147,170775712,170775714,Xám,True,False,False,29952,3269000
836,147,170775712,170775716,Xanh,True,False,False,29952,3269000
837,147,179589103,179589105,Đen,True,False,False,179232,3259000
838,147,188837747,188837748,Xanh,True,False,False,212607,3280000
839,147,188837747,188837748,Xanh,True,False,False,212607,3280000
840,147,195231233,195231235,Xanh,True,False,False,122357,3250000
841,147,195231233,195231237,Xám,True,False,False,122357,3250000
842,147,171897574,171897590,Xanh,True,False,False,20704,3333000
843,147,171897574,171897580,Xám,True,False,False,20704,3333000
844,147,181699370,181699378,Xanh Dương,True,False,False,150440,3890000
845,147,188835531,188835532,Xám,True,False,False,212607,3280000
846,147,188835531,188835532,Xám,True,False,False,212607,3280000
847,149,57809866,57809868,Xám,True,False,False,53024,2600000
848,149,57809866,57809868,Xám,True,False,False,53024,2600000
849,149,57809866,57809868,Xám,True,False,False,53024,2600000
850,149,57809866,57809868,Xám,True,False,False,53024,2600000
851,149,57809866,57809868,Xám,True,False,False,53024,2600000
852,149,57809866,57809868,Xám,True,False,False,53024,2600000
853,149,57809866,57809868,Xám,True,False,False,53024,2600000
854,149,57809866,57809868,Xám,True,False,False,53024,2600000
855,149,57809866,57809868,Xám,True,False,False,53024,2600000
856,149,57809866,57809868,Xám,True,False,False,53024,2600000
857,149,57809866,57809870,Xanh,True,False,False,750,2990000
858,149,57809866,57809870,Xanh,True,False,False,750,2990000
859,149,57809866,57809870,Xanh,True,False,False,750,2990000
860,149,57809866,57809870,Xanh,True,False,False,750,2990000
861,149,57809866,57809870,Xanh,True,False,False,750,2990000
862,149,57809866,57809870,Xanh,True,False,False,750,2990000
863,149,57809866,57809870,Xanh,True,False,False,750,2990000
864,149,57809866,57814361,Xanh,True,False,False,750,2990000
865,149,57809866,57814361,Xanh,True,False,False,750,2990000
866,149,57809866,57814361,Xanh,True,False,False,750,2990000
867,149,57809866,57814361,Xanh,True,False,False,750,2990000
868,149,57809866,57814361,Xanh,True,False,False,750,2990000
869,149,57809866,57814361,Xanh,True,False,False,750,2990000
870,149,57809866,57814361,Xanh,True,False,False,750,2990000
871,149,57809866,57814361,Xanh,True,False,False,750,2990000
872,149,57809866,196161253,Xanh Dương,True,False,False,1,2040000
873,149,172329599,172331438,Xanh lá,True,False,False,179232,2039000
874,149,172329599,172330313,Đen,True,False,False,179232,2039000
875,149,172329599,172331261,Xanh,True,False,False,179232,2039000
876,150,133811136,189106429,Cam,True,False,False,1,2790000
877,150,172334001,172334005,Xanh,True,False,False,179232,2899000
878,150,172334001,172334003,Đen,True,False,False,179232,2899000
879,150,172335599,172338065,Đen,True,False,False,179232,2549000
880,150,172335599,172339952,Xanh,True,False,False,179232,2549000
881,150,189175871,189175872,Tím,True,False,False,212607,3090000
882,150,189175871,189175872,Tím,True,False,False,212607,3090000
883,150,59519631,75368378,,True,False,False,750,3990000
884,150,189174390,189174391,Xám,True,False,False,212607,3090000
885,150,189174390,189174391,Xám,True,False,False,212607,3090000
886,150,189174390,189174391,Xám,True,False,False,212607,3090000
887,151,198648645,198648647,Đen,True,False,False,1,2030000
888,151,198648645,198648649,Xanh,True,False,False,1,2030000
889,151,198363821,198363825,Xanh,True,False,False,122357,1990000
890,151,198363821,198363827,,True,False,False,122357,1990000
891,151,198363821,198363823,Xanh,True,False,False,122357,1990000
892,151,198968094,198968096,Đen,True,False,False,29952,1969000
893,151,199196755,199734658,Đen,True,False,False,162514,1959000
894,151,199901837,199901839,Đen,True,False,False,150440,2190000
895,152,101615454,102653829,Trắng,True,False,False,1,4710000
896,152,101615454,102653828,Xanh Dương,True,False,False,1,4570000
897,152,143384981,164246622,Trắng,True,False,False,29952,4789000
898,152,102565233,102565272,Xanh,True,False,False,20704,4790000
899,152,102565233,102565284,Xám,True,False,False,20704,6990000
900,153,160801751,166542228,Xám,True,False,False,162514,4129000
901,153,160801751,166542228,Xám,True,False,False,162514,4129000
902,153,160801751,166542227,Xanh Dương,True,False,False,162514,4129000
903,153,160801751,166542227,Xanh Dương,True,False,False,162514,4129000
904,153,160801751,166542226,Xanh Dương,True,False,False,1,4090000
905,153,160819119,167208180,Xám,True,False,False,34716,4790000
906,153,160819119,167208180,Xám,True,False,False,34716,4790000
907,153,160819119,167208180,Xám,True,False,False,34716,4790000
908,153,160819119,167208181,Xanh,True,False,False,34716,4790000
909,153,160819119,167208181,Xanh,True,False,False,34716,4790000
910,153,160819119,167208181,Xanh,True,False,False,34716,4790000
911,153,160819119,167208184,Xanh,True,False,False,34716,4790000
912,153,160819119,167208184,Xanh,True,False,False,34716,4790000
913,153,160819119,167208184,Xanh,True,False,False,34716,4790000
914,153,195436019,195436029,Xanh,True,False,False,122357,4190000
915,153,195436019,195436025,Xám,True,False,False,122357,4190000
916,153,163039754,163039764,Xanh Dương,True,False,False,20704,4240000
917,153,163039754,163039770,Xám,True,False,False,20704,4240000
918,153,160801738,167207760,Xám,True,False,False,34716,4390000
919,153,169744019,171587953,Xám,True,False,False,34716,4690000
920,153,169744019,171587953,Xám,True,False,False,34716,4690000
921,153,167383164,167383171,,True,False,False,34716,4690000
922,153,188845278,188845279,Xanh,True,False,False,212607,3990000
923,153,188845278,188845279,Xanh,True,False,False,212607,3990000
924,153,188845278,188845279,Xanh,True,False,False,212607,3990000
925,153,188845278,188845279,Xanh,True,False,False,212607,3990000
926,153,188845278,188845279,Xanh,True,False,False,212607,3990000
927,153,188845278,188845279,Xanh,True,False,False,212607,3990000
928,154,181503298,181503304,,False,False,False,80348,4090000
929,156,169547788,169937787,Xanh Dương,True,False,False,29952,6489000
930,156,169547788,169937786,Xám,True,False,False,29952,6489000
931,156,169547788,177781697,Trắng,True,False,False,29952,6489000
932,156,172160182,172160188,Xanh,True,False,False,20704,7490000
933,156,188868071,188868072,Xám,True,False,False,212607,6490000
934,156,188868071,188868072,Xám,True,False,False,212607,6490000
935,156,188870406,188870407,Xanh,True,False,False,212607,6490000
936,156,188870406,188870407,Xanh,True,False,False,212607,6490000
937,157,172175893,172175899,Xám,True,False,False,20704,7839000
938,157,172175893,172175895,Xanh,True,False,False,20704,7839000
939,157,169756083,169756085,Xám,True,False,False,162514,7859000
940,157,190691224,190691226,Xám,True,False,False,150440,8130000
941,157,169520871,169520877,Trắng,True,False,False,29952,7789000
942,157,169520871,169520875,Xanh Dương,True,False,False,29952,7789000
943,157,169520871,169520873,Xám,True,False,False,29952,7789000
944,159,164960337,164960341,Xanh,True,False,False,20704,5789000
945,159,164960337,200561063,Xám,True,False,False,20704,5790000
946,159,166438257,166438259,Trắng,True,False,False,162514,5659000
947,159,166438257,166438261,Xanh Dương,True,False,False,162514,5659000
948,159,166438257,166438263,Xám,True,False,False,162514,5659000
949,159,165965622,165965624,Xám,True,False,False,86805,6690000
950,159,165965622,165965624,Xám,True,False,False,86805,6690000
951,159,165965622,179439750,Xanh Dương,True,False,False,86805,6690000
952,159,165965622,179439750,Xanh Dương,True,False,False,86805,6690000
953,159,188848998,188848999,Xanh,True,False,False,212607,5650000
954,159,188848998,188848999,Xanh,True,False,False,212607,5650000
955,159,188849154,188849155,Xám,True,False,False,212607,5650000
956,159,188849154,188849155,Xám,True,False,False,212607,5650000
957,159,188849154,188849155,Xám,True,False,False,212607,5650000
958,161,179554879,179554881,Đen,False,False,False,80348,5890000
959,161,179554879,179554887,Xanh,False,False,False,80348,6890000
960,162,161178498,161178505,Xám,True,False,False,259709,1890000
961,163,161158099,161158101,Xanh,True,False,False,259709,2590000
962,163,161158099,161158103,Xám,True,False,False,259709,2590000
963,164,181216830,181216834,,True,False,False,259709,3790000
964,164,181216830,181216836,Xám,True,False,False,259709,3790000
965,165,162574433,162574437,,True,False,False,259709,13490000
966,166,162574450,162574458,,True,False,False,259709,15990000
967,166,162574450,162574458,,True,False,False,259709,15990000
