,id,product_id,color,store_id,seller_id,price
0,132068862,132068858,Xanh Dương,40395,1,3650000
1,132068862,132068858,Xanh Dương,200893,213861,3990000
2,132068862,132068858,Xanh Dương,109834,118795,4290000
3,179554821,132068858,Xanh Đam Mê,40395,1,3650000
4,132068860,132068858,Đen,40395,1,3650000
5,132068860,132068858,Đen,149183,162061,3890000
6,132068860,132068858,Đen,200893,213861,3990000
7,132068860,132068858,Đen,109834,118795,4290000
8,142545275,142545270,Xanh Dương,40395,1,2750000
9,142545275,142545270,Xanh Dương,149183,162061,2790000
10,142545275,142545270,Xanh Dương,109834,118795,2990000
11,171350275,142545270,Đen bí ẩn,40395,1,2750000
12,189106429,133811136, Cam bình minh,40395,1,2790000
13,57809868,57809866,Xám,159106,172070,2019000
14,57809868,57809866,Xám,149585,162514,2069000
15,57809868,57809866,Xám,40395,1,2070000
16,57809868,57809866,Xám,50450,53024,2080000
17,57809868,57809866,Xám,16,63,2090000
18,57809868,57809866,Xám,29286,29952,2099000
19,57809868,57809866,Xám,166268,179232,2099000
20,57809868,57809866,Xám,20167,20704,2120000
21,57809868,57809866,Xám,109834,118795,2390000
22,57809868,57809866,Xám,2156,2198,2490000
23,57809870,57809866,Xanh Dương,159106,172070,2019000
24,57809870,57809866,Xanh Dương,149585,162514,2069000
25,57809870,57809866,Xanh Dương,40395,1,2070000
26,57809870,57809866,Xanh Dương,16,63,2090000
27,57809870,57809866,Xanh Dương,29286,29952,2099000
28,57809870,57809866,Xanh Dương,166268,179232,2099000
29,57809870,57809866,Xanh Dương,20167,20704,2120000
30,57809870,57809866,Xanh Dương,2156,2198,2490000
31,57809870,57809866,Xanh Dương,713,750,2990000
32,57814361,57809866,Xanh Lá,159106,172070,2019000
33,57814361,57809866,Xanh Lá,149585,162514,2069000
34,57814361,57809866,Xanh Lá,40395,1,2070000
35,57814361,57809866,Xanh Lá,16,63,2090000
36,57814361,57809866,Xanh Lá,166268,179232,2099000
37,57814361,57809866,Xanh Lá,29286,29952,2099000
38,57814361,57809866,Xanh Lá,20167,20704,2120000
39,57814361,57809866,Xanh Lá,2156,2198,2490000
40,57814361,57809866,Xanh Lá,713,750,2990000
41,196161253,57809866,Xanh lam,40395,1,2070000
42,113569119,113569117,Đen,40395,1,5850000
43,113569119,113569117,Đen,166268,179232,6290000
44,113569121,113569117,Bạc,40395,1,5850000
45,113569121,113569117,Bạc,166268,179232,6290000
46,128865875,128865871,Xanh,20167,20704,4599000
47,128865873,128865871,Đen,20167,20704,5990000
48,128865877,128865871,Trắng,20167,20704,4290000
49,172998263,172998120,cam đồng,40395,1,6820000
50,175967820,175967811,Xanh Mint,248166,261128,8890000
51,175967814,175967811,Xanh Navy,248166,261128,8890000
52,114766720,114766715,Xanh,40395,1,3250000
53,114766722,114766715,Bạc,40395,1,3250000
54,194034219,194034217,Vàng,40395,1,22550000
55,194034221,194034217,Xám,40395,1,22550000
56,194034225,194034217,tím,40395,1,22550000
57,140621854,135332196,Blue/Xanh ThiênThạch,166268,179232,1689000
58,140621854,135332196,Blue/Xanh ThiênThạch,40395,1,1690000
59,140621854,135332196,Blue/Xanh ThiênThạch,29286,29952,1749000
60,140621854,135332196,Blue/Xanh ThiênThạch,149183,162061,1790000
61,140621855,135332196,Sand/Vàng Phù Sa,40395,1,1650000
62,140621855,135332196,Sand/Vàng Phù Sa,166268,179232,1689000
63,140621855,135332196,Sand/Vàng Phù Sa,29286,29952,1749000
64,140621855,135332196,Sand/Vàng Phù Sa,149183,162061,1790000
65,164937170,164937168,Đen Bí ẩn,40395,1,3090000
66,164937172,164937168,Trắng Sành Điệu,40395,1,3090000
67,135545307,120295859,Xám,166268,179232,1939000
68,162593120,162593114,Trắng,246992,259954,25490000
69,162593120,162593114,Trắng,40395,1,29140000
70,159887190,159887168,128GB,248166,261128,15990000
71,159887181,159887168,128GB,248166,261128,12200000
72,159887185,159887168,128GB,248166,261128,12200000
73,158714989,158714974,Đen,166268,179232,2439000
74,158714989,158714974,Đen,40395,1,2820000
75,158714987,158714974,Xanh Dương,166268,179232,2599000
76,158714987,158714974,Xanh Dương,40395,1,2820000
77,158714991,158714974,Đỏ,40395,1,2820000
78,102077370,102077313,Đen,20167,20704,4890000
79,102077524,102077313,Xanh Dương,20167,20704,4890000
80,162593142,162593136,Xanh,40395,1,31960000
81,162593140,162593136,Đen,40395,1,31960000
82,142545266,142545264,Đen,40395,1,5090000
83,142545268,142545264,Bạc,40395,1,5090000
84,93722332,88100671,đen,40395,1,5290000
85,93722335,88100671,xanh,40395,1,5290000
86,147969294,147969070,Tím,166268,179232,1329000
87,147969294,147969070,Tím,120160,130073,2390000
88,147969296,147969070,Xanh Dương,166268,179232,1329000
89,147969296,147969070,Xanh Dương,120160,130073,2390000
90,196395548,88255880,Bạc,40395,1,4890000
91,88255888,88255880,Đen,40395,1,4890000
92,88255893,88255880,Tím,40395,1,4890000
93,114644639,67910637,Trắng Ngọc Trai,184146,197113,3190000
94,114644641,67910637,Đen Cẩm Thạch,184146,197113,3190000
95,114644642,67910637,Xanh Ngọc Lam,184146,197113,3190000
96,114644643,67910637,Trắng Ngọc Trai,184146,197113,3290000
97,114644644,67910637,Xanh Ngọc Lam,184146,197113,3290000
98,114644640,67910637,Đen Cẩm Thạch,184146,197113,3290000
99,177141834,177141832,Xanh Dương,72651,77917,6234000
100,177141834,177141832,Xanh Dương,20167,20704,8490000
101,177141836,177141832,Đen,72651,77917,6385000
102,177141836,177141832,Đen,20167,20704,8490000
103,177141838,177141832,Trắng,72651,77917,6234000
104,177141838,177141832,Trắng,20167,20704,8490000
105,55518610,55518608,Xanh,8953,9141,990000
106,55518614,55518608,Xanh Đen,8953,9141,990000
107,195334255,195334253,đen,113090,122357,7990000
108,195334259,195334253,Bạc,113090,122357,7990000
109,166542228,160801751,Xám than,40395,1,4070000
110,166542228,160801751,Xám than,149585,162514,4229000
111,166542227,160801751,Xanh hoàng hôn,40395,1,4090000
112,166542227,160801751,Xanh hoàng hôn,149585,162514,4229000
113,196153418,159725951,Xanh Dương,40395,1,2450000
114,196153418,159725951,Xanh Dương,20167,20704,2650000
115,196153419,159725951,Đen,40395,1,2450000
116,196153419,159725951,Đen,20167,20704,2650000
117,173764273,173764269,Đen,20167,20704,3820000
118,173764273,173764269,Đen,80704,86805,3990000
119,173764275,173764269,Xanh Dương,20167,20704,3820000
120,173764275,173764269,Xanh Dương,72651,77917,3985000
121,173764275,173764269,Xanh Dương,80704,86805,3990000
122,173764271,173764269,Cam đào,20167,20704,3820000
123,173764271,173764269,Cam đào,72651,77917,3985000
124,187266106,187266104,Xanh Điện Lôi,176701,189668,4190000
125,170497389,170497385,Đen,246992,259954,8990000
126,170497389,170497385,Đen,40395,1,9400000
127,170497391,170497385,Xanh Dương,246992,259954,8990000
128,170497391,170497385,Xanh Dương,40395,1,9400000
129,170497393,170497385,Trắng,40395,1,9400000
130,171190791,171190775,Hồng,166268,179232,1099000
131,171190777,171190775,Xanh Dương,166268,179232,1099000
132,102653829,101615454,White,40395,1,4590000
133,102653831,101615454,Xám (Gray),40395,1,4590000
134,102653828,101615454,Blue,40395,1,4590000
135,195946027,129167418,Xanh Dương,50450,53024,1840000
136,195946027,129167418,Xanh Dương,166268,179232,2059000
137,195946026,129167418,Đen,166268,179232,2059000
138,195946026,129167418,Đen,50450,53024,2300000
139,184786657,177746939,Xanh lá,72651,77917,9594000
140,184786658,177746939,Trắng,72651,77917,9594000
141,184786658,177746939,Trắng,20167,20704,11990000
142,184786659,177746939,Xám,72651,77917,9594000
143,184786659,177746939,Xám,20167,20704,11990000
144,175845369,175845367,Xanh Khí Chất,40395,1,9960000
145,175845371,175845367,Xanh Thanh Mát,40395,1,9490000
146,126682346,126682340,Xám carbon,149585,162514,3609000
147,126682344,126682340,Trắng sỏi đá,149585,162514,3609000
148,126682342,126682340,Xanh đại dương,149585,162514,3689000
149,169937787,169547788,Xanh Ánh Sao,29286,29952,6499000
150,169937786,169547788,Xám Khoáng Thạch,29286,29952,6499000
151,177781697,169547788,Trắng Băng Tuyết,29286,29952,6499000
152,176059930,135322157,Blue/Xanh ThiênThạch,166268,179232,1769000
153,176059930,135322157,Blue/Xanh ThiênThạch,29286,29952,1799000
154,176059930,135322157,Blue/Xanh ThiênThạch,40395,1,1830000
155,184696249,184696247,Xanh lá,166268,179232,3769000
156,184696249,184696247,Xanh lá,149183,162061,3890000
157,184696251,184696247,Đen,166268,179232,3769000
158,184696251,184696247,Đen,149183,162061,3890000
159,176037652,155339564,Tím,149183,162061,1290000
160,176037652,155339564,Tím,166268,179232,1329000
161,176037652,155339564,Tím,40395,1,1400000
162,167207760,160801738,Xám than,34002,34716,4690000
163,121744440,121744434,Trắng Sỏi Đá,29286,29952,3589000
164,121744436,121744434,Xám Carbon,29286,29952,3589000
165,181503304,181503298,6GB/128GB,74834,80348,4290000
166,187254763,187254759,Xanh Dương,40395,1,4190000
167,187254761,187254759,Đen,40395,1,4190000
168,126022663,120450353,Đen,29286,29952,2829000
169,126022663,120450353,Đen,40395,1,3470000
170,126022663,120450353,Đen,149585,162514,3690000
171,126022664,120450353,Xanh Dương,149585,162514,2829000
172,126022664,120450353,Xanh Dương,29286,29952,2829000
173,126022664,120450353,Xanh Dương,109834,118795,2890000
174,126022664,120450353,Xanh Dương,80704,86805,3290000
175,126022664,120450353,Xanh Dương,40395,1,3470000
176,129167168,129167166,Xanh lá,166268,179232,1699000
177,129167170,129167166,Đen,166268,179232,1699000
178,103046587,103046198,Bạc,176701,189668,4990000
179,125766380,125766378,Đen,20167,20704,2835000
180,125766380,125766378,Đen,80704,86805,2990000
181,125766382,125766378,Xanh Dương,20167,20704,2850000
182,125766382,125766378,Xanh Dương,149183,162061,2930000
183,125766382,125766378,Xanh Dương,80704,86805,2990000
184,172309328,172309326,Black/Đen,29286,29952,3759000
185,172309330,172309326,Blue/Xanh,29286,29952,3759000
186,171189045,149776401,Màu Xanh,166268,179232,1099000
187,187332798,187332786,Xanh thiên hà,40395,1,2830000
188,181699176,181699158,Grey,138797,150440,4590000
189,181699174,181699158,Grey,138797,150440,3990000
190,112861603,112821872,Xanh Chạng Vạng,29286,29952,2789000
191,144532610,126219116,Tím,72651,77917,8300000
192,144532607,126219116,Trắng,72651,77917,8300000
193,144532609,126219116,Xanh,72651,77917,8300000
194,144532608,126219116,Đen,72651,77917,8300000
195,170580391,170580388,Đen,40395,1,4410000
196,170580394,170580388,Xanh Dương,40395,1,4410000
197,170580396,170580388,Cam đào,40395,1,4410000
198,140184100,140184098,Green/Xanh Lá,29286,29952,1499000
199,167208180,160819119,Xám Than,29286,29952,4149000
200,167208180,160819119,Xám Than,166268,179232,4149000
201,167208180,160819119,Xám Than,34002,34716,4990000
202,167208181,160819119,Xanh Hoàng Hôn ,29286,29952,4149000
203,167208181,160819119,Xanh Hoàng Hôn ,166268,179232,4149000
204,167208181,160819119,Xanh Hoàng Hôn ,34002,34716,4990000
205,167208184,160819119,Xanh Ánh Sao ,166268,179232,4149000
206,167208184,160819119,Xanh Ánh Sao ,34002,34716,4990000
207,138826716,119464777,Purple/Tím,166268,179232,1569000
208,138826717,119464777,Blue/Xanh Da Trời,166268,179232,1569000
209,193310185,193310183,Đen,40395,1,15400000
210,193310187,193310183,Xanh,40395,1,17330000
211,158959660,158959656,Đen,232767,245735,5120000
212,160203328,99376042,Xanh,166268,179232,3499000
213,160203329,99376042,Đen,166268,179232,3499000
214,168183446,168183442,XANH LÁ,210419,223387,1488000
215,168183444,168183442,XANH ĐEN,210419,223387,1488000
216,168183448,168183442,TÍM,210419,223387,1488000
217,129868800,129868798,Đen,173060,186025,9490000
218,186082753,186082748,Đồng,20167,20704,6890000
219,195319556,195319552,đen,113090,122357,4690000
220,195319560,195319552,xanh,113090,122357,4690000
221,155833856,155833852,Blue/Xanh,29286,29952,1999000
222,155833854,155833852,Black/Đen,29286,29952,1999000
223,155833858,155833852,Gold/Vàng,29286,29952,1999000
224,166389510,166389506,Đen,149183,162061,2050000
225,166389510,166389506,Đen,20167,20704,2150000
226,166389510,166389506,Đen,80704,86805,2190000
227,166389508,166389506,Xanh,20167,20704,2150000
228,166389508,166389506,Xanh,80704,86805,2190000
229,197995736,166389506,Xanh lá,20167,20704,2150000
230,197995734,166389506,Đồng,20167,20704,2150000
231,198205945,166389506,Xám,20167,20704,2150000
232,195311660,195311658,đen,113090,122357,7490000
233,195311668,195311658,Bạc,113090,122357,7490000
234,195311664,195311658,xanh,113090,122357,7490000
235,127058583,127058581,Xám,40395,1,9550000
236,173764603,173764601,Cam đào,72651,77917,4485000
237,173764603,173764601,Cam đào,20167,20704,4550000
238,173764607,173764601,Đen,72651,77917,4485000
239,173764607,173764601,Đen,20167,20704,4550000
240,173764607,173764601,Đen,80704,86805,4990000
241,173764605,173764601,Xanh Dương,72651,77917,4485000
242,173764605,173764601,Xanh Dương,20167,20704,4550000
243,173764605,173764601,Xanh Dương,80704,86805,4990000
244,168365982,168365980,Đen,63726,68127,5890000
245,168365992,168365980,Xanh,63726,68127,6890000
246,194041791,194041787,Đen,40395,1,40990000
247,194041789,194041787,Be,40395,1,40990000
248,194041793,194041787,Xanh,40395,1,40990000
249,184226480,170581659,Xanh,40395,1,5350000
250,184226480,170581659,Xanh,246992,259954,5390000
251,184226481,170581659,Cam đào,40395,1,5350000
252,184226481,170581659,Cam đào,246992,259954,5390000
253,102565284,102565233,Xám (Grey),20167,20704,4689000
254,102565288,102565233,Trắng,20167,20704,4689000
255,144629008,140309479,Đen,166268,179232,1199000
256,144629010,140309479,Xanh,166268,179232,1199000
257,144629009,140309479,Vàng,166268,179232,1199000
258,193128007,193128003,Bạc,40395,1,4990000
259,193128005,193128003,Đen,40395,1,4990000
260,171323122,171323116,Xanh,40395,1,29960000
261,162478092,162478086,Đen Phantom,40395,1,22090000
262,162478090,162478086,Xanh Zeta,40395,1,22090000
263,162478094,162478086,Trắng Phantom,40395,1,22090000
264,179438710,179438706,Tím Cực Quang,40395,1,3530000
265,179438710,179438706,Tím Cực Quang,80704,86805,3790000
266,179438708,179438706,Xanh Bắc Âu,40395,1,3530000
267,179438708,179438706,Xanh Bắc Âu,80704,86805,3790000
268,164246622,143384981,Trắng Đá Cuội ,29286,29952,4590000
269,149334319,143359355,Ice Jadeite/Băng Cẩm Thạch,29286,29952,2549000
270,149334317,143359355,Aqua Blue/Xanh Nước Biển,29286,29952,2549000
271,159887262,159887243,Đen,248166,261128,22250000
272,189658089,189658085,Xanh,40395,1,4050000
273,195333535,195333531,Vàng đồng,200893,213861,10490000
274,195333535,195333531,Vàng đồng,80704,86805,10490000
275,195333533,195333531,Đen,200893,213861,10490000
276,195333533,195333531,Đen,80704,86805,10490000
277,167952115,167952107,Trắng,20167,20704,15799000
278,196876639,144870494,Đen,200893,213861,3290000
279,196960177,196960146,Xanh ngân hà,149585,162514,4229000
280,196960184,196960146,Đen thiên hà,149585,162514,4229000
281,181699078,181699053,Blue,138797,150440,2330000
282,190558361,190558358,Black,138797,150440,2490000
283,146648972,89888994,Xanh,166268,179232,2840000
284,146648973,89888994,Đen,166268,179232,2820000
285,185548021,185548019,Đen,40395,1,18000000
286,185548021,185548019,Đen,223003,235971,19990000
287,185548023,185548019,Xanh,40395,1,18180000
288,185548023,185548019,Xanh,223003,235971,19990000
289,164960341,164960337,Xanh,20167,20704,5790000
290,164960343,164960337,Đen,20167,20704,5790000
291,185887809,185887807,16+256GB,173060,186025,20490000
292,185887811,185887807,12+128GB,173060,186025,17990000
293,185887813,185887807,18+256GB,173060,186025,22990000
294,178951654,178951652,Xanh,9806,10016,9990000
295,191275490,124877310,Xanh Lá,80704,86805,4690000
296,195352783,195352781,Đen,200893,213861,8990000
297,195352783,195352781,Đen,80704,86805,8990000
298,195352785,195352781,Vàng đồng,200893,213861,8990000
299,195352785,195352781,Vàng đồng,80704,86805,8990000
300,159887173,159887161,Đen,248166,261128,5850000
301,186243832,186243828,Cam,20167,20704,7250000
302,186243842,186243828,Đen,20167,20704,7250000
303,172340712,172340710,Đen,166268,179232,2599000
304,172340714,172340710,Xanh Lục,166268,179232,2599000
305,162583908,162583902,Hồng blossom,40395,1,24430000
306,172001935,172001933,Đen,166268,179232,2145000
307,172001937,172001933,Xanh biển,166268,179232,2145000
308,194487227,194487223,Đen,40395,1,12890000
309,194487225,194487223,Vàng,40395,1,12890000
310,195323208,195323206,Xanh vàng,149183,162061,5190000
311,195323208,195323206,Xanh vàng,40395,1,5250000
312,195323208,195323206,Xanh vàng,223003,235971,5990000
313,195323210,195323206,Xanh đen,149183,162061,5190000
314,195323210,195323206,Xanh đen,40395,1,5250000
315,195323210,195323206,Xanh đen,223003,235971,5990000
316,172589113,172589109,Xanh biển,149585,162514,3299000
317,172589113,172589109,Xanh biển,166268,179232,3299000
318,172589115,172589109,Xám than chì,149585,162514,3299000
319,172589115,172589109,Xám than chì,166268,179232,3299000
320,109125726,99862142,Trắng Ngọc Trai,113090,122357,7590000
321,109125726,99862142,Trắng Ngọc Trai,63726,68127,7990000
322,179234822,179234820,Xanh,166268,179232,2439000
323,179234824,179234820,Đen,166268,179232,2439000
324,158895859,158895857,Xanh hồng,149585,162514,5939000
325,158895861,158895857,Đen,149585,162514,5939000
326,195318891,195318889,đen,113090,122357,5590000
327,135538846,126050455,Xanh Dương,166268,179232,1689000
328,135538835,126050455,Vàng,166268,179232,1689000
329,171110668,171110666,Đen,200893,213861,11190000
330,171110670,171110666,Xanh,200893,213861,11190000
331,179233533,167611667,Xanh,166268,179232,2939000
332,179233532,167611667,Đen,166268,179232,2939000
333,192036710,192036708,Xanh,200893,213861,4320000
334,192036712,192036708,Đen,200893,213861,4990000
335,173206402,173206400,Bạc,20167,20704,5590000
336,173206406,173206400,Đen,20167,20704,5590000
337,171937254,171934203,Cam đào,72651,77917,7785000
338,171937254,171934203,Cam đào,20167,20704,7990000
339,171936934,171934203,Đen,72651,77917,7785000
340,171936934,171934203,Đen,20167,20704,7990000
341,171937359,171934203,Xanh,20167,20704,7990000
342,179717943,179717941,Xanh,9806,10016,25490000
343,179717945,179717941,Đen,9806,10016,25490000
344,179717949,179717941,Trắng,9806,10016,25490000
345,179717947,179717941,Đỏ,9806,10016,25490000
346,81027835,81027831,Đen,40395,1,7250000
347,81027833,81027831,Bạc,40395,1,7250000
348,197539506,191477618,Xanh thiên thạch,40395,1,1999000
349,197539506,191477618,Xanh thiên thạch,149585,162514,2099000
350,197539507,191477618,Xám Ánh Kim ,40395,1,1999000
351,197539507,191477618,Xám Ánh Kim ,149585,162514,2099000
352,181699330,181699312,Grey,138797,150440,6860000
353,147058169,147058165,Tím mộng mơ,16,63,2669000
354,189677319,189677315,Xám,40395,1,2330000
355,189677319,189677315,Xám,159106,172070,2690000
356,189677322,189677315,Bạc,40395,1,2330000
357,189677322,189677315,Bạc,159106,172070,2690000
358,189677317,189677315,Xanh Dương,40395,1,2330000
359,189677317,189677315,Xanh Dương,159106,172070,2690000
360,177343386,177343384,Đen,40395,1,6450000
361,177343388,177343384,Cam,40395,1,6450000
362,178575039,178575037, Xanh Thiên Thạch ,29286,29952,2069000
363,181787951,178575037,Xám Ánh Kim ,29286,29952,2069000
364,138828312,125600698,Xanh Thiên Hà,166268,179232,1569000
365,197601733,196193895,đen,40395,1,3930000
366,197601733,196193895,đen,149183,162061,3950000
367,197601733,196193895,đen,223003,235971,4490000
368,197601732,196193895,Vàng,40395,1,3930000
369,197601732,196193895,Vàng,149183,162061,3950000
370,197601732,196193895,Vàng,223003,235971,4490000
371,143059638,143059636,Đen mạnh mẽ,149585,162514,6399000
372,143059640,143059636,Bạc phá cách,149585,162514,6399000
373,145972426,145972424,Xanh thời thượng,149585,162514,3290000
374,145972428,145972424,Đen mạnh mẽ,149585,162514,3049000
375,63463383,62269749,Đen,72651,77917,20090000
376,63465870,62269749,Đồng,72651,77917,28990000
377,167496000,167495996,Blue/Xanh,166268,179232,2149000
378,167496000,167495996,Blue/Xanh,29286,29952,2169000
379,127076446,127076439,Đen,40395,1,8490000
380,191391356,170338359,Xanh lục,80704,86805,2750000
381,190558351,190558349,Green,138797,150440,10490000
382,168304540,168304536,Đen Vô Cực,40395,1,10990000
383,143358433,143358429,Deep Sea,149183,162061,1990000
384,143358433,143358429,Deep Sea,176701,189668,2090000
385,172826902,172826900,Đen cá tính,149585,162514,3769000
386,172826906,172826900,Xanh năng động,149585,162514,3769000
387,136383788,136383784,Đen,20167,20704,15590000
388,125590983,125590981,Xanh lục,209152,222120,2090000
389,163039764,163039754,Xanh Chạng Vạng,20167,20704,4250000
390,163039770,163039754,Xám khoáng thạch,20167,20704,4250000
391,197889909,197889905,Xanh Thiên Hà,29286,29952,2849000
392,140144658,140144656,Xanh thủy băng,149585,162514,3939000
393,140144660,140144656,Xám kim loại,149585,162514,3939000
394,110892866,58065346,Xanh Bạc Hà,166268,179232,2439000
395,110892866,58065346,Xanh Bạc Hà,2156,2198,2690000
396,110892868,58065346,Xám Hạt Tiêu,166268,179232,2439000
397,110892868,58065346,Xám Hạt Tiêu,2156,2198,2690000
398,179438713,179438711,Xám Ánh Kim,40395,1,2350000
399,179438713,179438711,Xám Ánh Kim,80704,86805,2540000
400,179438715,179438711,Xanh Thiên Thạch,40395,1,2380000
401,179438715,179438711,Xanh Thiên Thạch,80704,86805,2540000
402,197553031,197553025,Xanh may mắn,40395,1,3320000
403,197553031,197553025,Xanh may mắn,80704,86805,3590000
404,197553027,197553025,Xanh may mắn,40395,1,3190000
405,197553029,197553025,Xám kim tinh,40395,1,3190000
406,197553029,197553025,Xám kim tinh,80704,86805,3390000
407,197553033,197553025,Xám kim tinh,40395,1,3320000
408,197553033,197553025,Xám kim tinh,80704,86805,3590000
409,193263889,193263880,Đen,149183,162061,2990000
410,193263889,193263880,Đen,40395,1,3060000
411,193263882,193263880,Xanh,149183,162061,2990000
412,193263882,193263880,Xanh,40395,1,3060000
413,168055466,168055450,Đen,20167,20704,18890000
414,192839213,192839201,Trắng,232767,245735,21490000
415,192839206,192839201,Xanh,232767,245735,21490000
416,192839204,192839201,Hồng,232767,245735,21490000
417,192839209,192839201,Đen,232767,245735,21490000
418,168282065,168282061,Đen Vô Cực,40395,1,8490000
419,162583984,162583980,Trắng Phantom,40395,1,25850000
420,162583988,162583980,Xanh Zeta,40395,1,25850000
421,162583986,162583980,Hồng blossom,40395,1,25850000
422,181517967,181517965,Xanh,9806,10016,8990000
423,181517969,181517965,Đen,9806,10016,8990000
424,181517973,181517965,Cam đào,9806,10016,8990000
425,181517971,181517965,Trắng,9806,10016,8990000
426,197670822,197670818,Xanh,40395,1,3790000
427,197670824,197670818,Đồng,40395,1,3790000
428,197670820,197670818,Đen,40395,1,3750000
429,181699342,181699331,Blue,138797,150440,9590000
430,181699344,181699331,Black,138797,150440,9590000
431,191916064,191916060,Xám nhạt,16,63,2320000
432,191916062,191916060,Xám đậm,16,63,2320000
433,191916066,191916060,Xanh dương,16,63,2320000
434,81034658,81034656,Đen,40395,1,3490000
435,81034660,81034656,Xanh,40395,1,3490000
436,162574437,162574433,12G/256G,246747,259709,12990000
437,162574435,162574433,8GB-128GB,246747,259709,8990000
438,171169355,171169353,Đen Ghi Bí Ẩn,29286,29952,7859000
439,171169359,171169353,Cam Đào Cuốn Hút,29286,29952,7859000
440,171169357,171169353,Xanh Dương Sôi Nổi,29286,29952,7859000
441,168304458,168304456,ĐEN (MAGNET BLACK) ,74834,80348,2549000
442,168304458,168304456,ĐEN (MAGNET BLACK) ,176701,189668,2590000
443,168304460,168304456,XANH NGỌC (TURQUOISE CYAN),74834,80348,2549000
444,168304460,168304456,XANH NGỌC (TURQUOISE CYAN),176701,189668,2590000
445,174598953,174598949,Trắng Phantom,248166,261128,19550000
446,174598951,174598949,Hồng Blossom,248166,261128,19550000
447,174598955,174598949,Xanh Zeta,248166,261128,19550000
448,174598957,174598949,Đen Phantom,248166,261128,19550000
449,172319466,172319352,Đen,166268,179232,2419000
450,172320786,172319352,Xanh Dương,166268,179232,2419000
451,190290066,190290064,đen,232767,245735,6990000
452,197143915,197143907,xanh,113090,122357,4240000
453,197143911,197143907,đen,113090,122357,4240000
454,197143919,197143907,Vàng,113090,122357,4240000
455,197143917,197143907,Vàng,113090,122357,3540000
456,197143909,197143907,đen,113090,122357,3540000
457,197143913,197143907,xanh,113090,122357,3540000
458,197638482,197638478,Đen,149183,162061,2090000
459,197638480,197638478,Xanh,149183,162061,2090000
460,197638484,197638478,Xám (Grey),149183,162061,2090000
461,197638486,197638478,Purple/Tím,149183,162061,2090000
462,28298790,5868813,Trắng,65311,69946,6990000
463,176036540,176036536,Cam,200893,213861,7490000
464,176036538,176036536,Đen,200893,213861,7490000
465,141133866,141133864,Đen Mạnh Mẽ,29286,29952,3899000
466,191548164,191548156,Trắng,232767,245735,28990000
467,191548158,191548156,Đỏ,232767,245735,28990000
468,191548162,191548156,Đỏ,232767,245735,34990000
469,191548160,191548156,Đỏ,232767,245735,31990000
470,191548170,191548156,Đen,232767,245735,28990000
471,191548166,191548156,Trắng,232767,245735,31990000
472,191548172,191548156,Đen,232767,245735,31990000
473,191548174,191548156,Đen,232767,245735,34990000
474,191548180,191548156,Xanh Lá,232767,245735,34990000
475,191548178,191548156,Xanh Lá,232767,245735,31990000
476,191548176,191548156,Xanh Lá,232767,245735,28990000
477,191548168,191548156,Trắng,232767,245735,34990000
478,190691226,190691224,Grey,138797,150440,7990000
479,137572227,137572223,Xanh Thời Thượng,29286,29952,3849000
480,137572227,137572223,Xanh Thời Thượng,166268,179232,3939000
481,137572225,137572223,Đen mạnh mẽ,29286,29952,3849000
482,137572225,137572223,Đen mạnh mẽ,166268,179232,3939000
483,173719377,137572223, Xanh Đam Mê,29286,29952,3849000
484,173719377,137572223, Xanh Đam Mê,166268,179232,3939000
485,192172860,192172856,Trắng,20167,20704,3230000
486,188521844,141529940,Đen Caro,80704,86805,3217500
487,188521844,141529940,Đen Caro,109834,118795,3290000
488,188521844,141529940,Đen Caro,29286,29952,3389000
489,179930708,179930704,Xanh Thiên Thạch,40395,1,2650000
490,179930708,179930704,Xanh Thiên Thạch,80704,86805,2790000
491,179930706,179930704,Xám ánh Kim,40395,1,2650000
492,179930706,179930704,Xám ánh Kim,80704,86805,2790000
493,197605787,197605784,12GB l 256GB,248166,261128,40990000
494,197605800,197605784,12GB | 512GB,248166,261128,44490000
495,197605794,197605784,12GB l 256GB,248166,261128,40990000
496,197605798,197605784,12GB | 512GB,248166,261128,44490000
497,197605789,197605784,12GB l 256GB,248166,261128,40990000
498,197605796,197605784,12GB | 512GB,248166,261128,44490000
499,150735434,150735429,8GB l 128GB,74834,80348,15990000
500,150735436,150735429,12GB l 256GB,74834,80348,17990000
501,179930701,179930699,Xám ánh Kim,40395,1,2400000
502,179930701,179930699,Xám ánh Kim,80704,86805,2640000
503,179930703,179930699,Xanh Thiên Thạch,40395,1,2410000
504,179930703,179930699,Xanh Thiên Thạch,80704,86805,2640000
505,125595057,125595055,Xanh thiên thạch,209152,222120,1990000
506,197966911,197966909,Đen Tinh Vân,29286,29952,3679000
507,197966913,197966909,Xanh Dương Xỉ,29286,29952,3679000
508,197966915,197966909,Đồng Ánh Hồng,29286,29952,3679000
509,162033657,162033655,Xanh Biển Sâu,29286,29952,2899000
510,194041983,194041977,Đen,40395,1,44490000
511,194041981,194041977,Xanh,40395,1,44490000
512,197497448,197497444,Vàng Rạng Đông,29286,29952,9390000
513,197497446,197497444,Đen Ánh Sao,29286,29952,9390000
514,192839244,192839231,Trắng,232767,245735,19990000
515,192839237,192839231,Hồng,232767,245735,19990000
516,162593195,162593187,Trắng,40395,1,34770000
517,162593189,162593187,Đỏ,40395,1,34770000
518,162593191,162593187,Đen,40395,1,34770000
519,162593193,162593187,Xanh,40395,1,34770000
520,158959450,158959446,Bạc Phá Cách,232767,245735,6290000
521,158959448,158959446,Đen Mạnh Mẽ,232767,245735,6290000
522,179554881,179554879,Đen,74834,80348,5890000
523,179554887,179554879,Xanh,74834,80348,6890000
524,171121236,171121228,Xanh lá,20167,20704,25899000
525,171121234,171121228,Đen,20167,20704,25899000
526,186243832,186243828,Cam,20167,20704,7250000
527,186243842,186243828,Đen,20167,20704,7250000
528,159887262,159887243,Đen,248166,261128,22250000
529,159887173,159887161,Đen,248166,261128,5850000
530,191275490,124877310,Xanh Lá,80704,86805,4690000
531,172001935,172001933,Đen,166268,179232,2145000
532,172001937,172001933,Xanh biển,166268,179232,2145000
533,179159230,179159226,Xanh,40395,1,6990000
534,161158101,161158099,Màu Xanh,246747,259709,2390000
535,161158103,161158099,Màu Xám,246747,259709,2390000
536,172178479,172178476,Black/Đen,29286,29952,4509000
537,172178487,172178476,Peach/Cam,29286,29952,4509000
538,172178483,172178476,Blue/Xanh,29286,29952,4509000
539,192172860,192172856,Trắng,20167,20704,3230000
540,194125250,194125248,đen,223003,235971,3490000
541,194125252,194125248,xanh,223003,235971,3490000
542,175167500,175167498,tím,248166,261128,4830000
543,175167504,175167498,đen,248166,261128,4830000
544,175167502,175167498,xanh,248166,261128,4830000
545,172331438,172329599,Xanh lá,166268,179232,2129000
546,172330313,172329599,Đen,166268,179232,2099000
547,172331261,172329599,Xanh Dương,166268,179232,2099000
548,119421968,119421964,Xanh,9806,10016,2750000
549,119421966,119421964,Đen,9806,10016,2750000
550,105676886,83368040,Tím,149585,162514,7990000
551,195945980,185225486,Đen huyền bí,50450,53024,2320000
552,195945981,185225486,xanh ngọc bích,50450,53024,2320000
553,178951654,178951652,Xanh,9806,10016,9990000
554,195323208,195323206,Xanh vàng,149183,162061,5190000
555,195323208,195323206,Xanh vàng,40395,1,5250000
556,195323208,195323206,Xanh vàng,223003,235971,5990000
557,195323210,195323206,Xanh đen,149183,162061,5190000
558,195323210,195323206,Xanh đen,40395,1,5250000
559,195323210,195323206,Xanh đen,223003,235971,5990000
560,197605787,197605784,12GB l 256GB,248166,261128,40990000
561,197605800,197605784,12GB | 512GB,248166,261128,44490000
562,197605794,197605784,12GB l 256GB,248166,261128,40990000
563,197605798,197605784,12GB | 512GB,248166,261128,44490000
564,197605789,197605784,12GB l 256GB,248166,261128,40990000
565,197605796,197605784,12GB | 512GB,248166,261128,44490000
566,128451311,128446446,Bạc,173060,186025,13490000
567,179930701,179930699,Xám ánh Kim,40395,1,2400000
568,179930701,179930699,Xám ánh Kim,80704,86805,2640000
569,179930703,179930699,Xanh Thiên Thạch,40395,1,2410000
570,179930703,179930699,Xanh Thiên Thạch,80704,86805,2640000
571,179234822,179234820,Xanh,166268,179232,2439000
572,179234824,179234820,Đen,166268,179232,2439000
573,172304319,172303189,Xanh Dương,166268,179232,2929000
574,172304449,172303189,Đen,166268,179232,2929000
575,145501018,137203873,Xanh thủy tinh,166268,179232,2790000
576,145501016,137203873,Xanh biển sâu,166268,179232,2790000
577,145501016,137203873,Xanh biển sâu,149585,162514,2929000
578,172175899,172175893,Xám (Gray),20167,20704,8090000
579,172175895,172175893,Xanh,20167,20704,8090000
580,173450221,173450217,Xanh Dương,166268,179232,2689000
581,173450219,173450217,Đen,166268,179232,2689000
582,158895859,158895857,Xanh hồng,149585,162514,5939000
583,158895861,158895857,Đen,149585,162514,5939000
584,194041983,194041977,Đen,40395,1,44490000
585,194041981,194041977,Xanh,40395,1,44490000
586,188520629,172313857,Xám Khói,80704,86805,2242500
587,188520629,172313857,Xám Khói,166268,179232,2439000
588,188520630,172313857,Xanh Biển,80704,86805,2242500
589,188520630,172313857,Xanh Biển,166268,179232,2439000
590,178098955,121252535,Đen,40395,1,2990000
591,178098960,121252535,Xanh Dương,40395,1,2990000
592,135538846,126050455,Xanh Dương,166268,179232,1689000
593,135538835,126050455,Vàng,166268,179232,1689000
594,132234212,132234204,Đen,72651,77917,29990000
595,132234251,132234204,Green,72651,77917,22590000
596,132234264,132234204,Kem,72651,77917,22700000
597,193979833,193979830,Đen,40395,1,6450000
598,193979833,193979830,Đen,80704,86805,6990000
599,193979836,193979830,Hồng,40395,1,6450000
600,197644536,197211969,Xanh,74834,80348,4190000
601,174599543,174599533,Trắng Phantom,248166,261128,19950000
602,174599539,174599533,Xanh Zeta,248166,261128,19950000
603,174599537,174599533,Hồng Blossom,248166,261128,19950000
604,174599541,174599533,Đen Phantom,248166,261128,19950000
605,156000566,156000562,Black/Đen,29286,29952,2649000
606,156000571,156000562,Blue/Xanh,29286,29952,2649000
607,172949841,172949839,Đen Ghi Bí Ẩn,149585,162514,7859000
608,172949843,172949839,Cam Đào Cuốn Hút,149585,162514,7859000
609,172949845,172949839,Trắng Ngọc Tinh Tế,149585,162514,9990000
610,172949847,172949839,Xanh Dương Sôi Nổi,149585,162514,7859000
611,172338065,172335599,Đen,166268,179232,2599000
612,181699381,181699370,Grey,138797,150440,3490000
613,179589105,179589103,Đen,166268,179232,3299000
614,179589107,179589103,Xanh Dương,166268,179232,3299000
615,190547045,190547041,Chrome Silver/Bạc,29286,29952,2349000
616,190547043,190547041,Graphite Gray/Xám,29286,29952,2349000
617,190547047,190547041,Sky Blue/Xanh Dương,29286,29952,2349000
618,172670981,172670979,Đen Graphite,29286,29952,14359000
619,172670985,172670979,Tím Pastel,29286,29952,14359000
620,172670983,172670979,Xanh Olive,29286,29952,14359000
621,171110668,171110666,Đen,200893,213861,11190000
622,171110670,171110666,Xanh,200893,213861,11190000
623,175193508,175193503,Trắng Phantom,149585,162514,28629000
624,158348725,158348723,Đen Mạnh Mẽ,29286,29952,5489000
625,158348727,158348723,Bạc Phá Cách,29286,29952,5489000
626,175147013,175147005,Đen Ghi Bí Ẩn,149585,162514,6249000
627,164758339,164758308,Đen,20167,20704,5190000
628,164758310,164758308,Xanh,20167,20704,5190000
629,172828971,172828967,Cam nhiệt huyết,149585,162514,4509000
630,172828969,172828967,Đen cá tính,149585,162514,4509000
631,172828973,172828967,Xanh năng động,149585,162514,4509000
632,172589113,172589109,Xanh biển,149585,162514,3299000
633,172589113,172589109,Xanh biển,166268,179232,3299000
634,172589115,172589109,Xám than chì,149585,162514,3299000
635,172589115,172589109,Xám than chì,166268,179232,3299000
636,165965624,165965622,Xám Khoáng Thạch,29286,29952,5759000
637,179439750,165965622,Xanh Chạng Vạng,29286,29952,5759000
638,108888165,108888161,Tím,16,63,1559000
639,159110709,159110705,Xanh Dương,166268,179232,1879000
640,162728555,162728553,Xám (Grey),20167,20704,3970000
641,162728568,162728553,Xanh Dương,20167,20704,3970000
642,135596563,133599948,MAGNET BLACK,166268,179232,2689000
643,135596523,133599948,JEWEL BLUE,166268,179232,2689000
644,192036710,192036708,Xanh,200893,213861,4320000
645,192036712,192036708,Đen,200893,213861,4990000
646,171897590,171897574,Xanh Dương,20167,20704,3390000
647,171897580,171897574,Xám (Gray),20167,20704,3390000
648,173206402,173206400,Bạc,20167,20704,5590000
649,173206406,173206400,Đen,20167,20704,5590000
650,168521768,168520983,Đen,166268,179232,2599000
651,167209660,158091991,Xanh Đen,40395,1,10990000
652,167209660,158091991,Xanh Đen,223003,235971,12990000
653,191629875,191629873,Xám,20167,20704,2390000
654,191629877,191629873,Xanh Dương,20167,20704,2390000
655,191629879,191629873,Bạc,20167,20704,2390000
656,176713250,176713246,Xanh Thời Thượng,29286,29952,9769000
657,168844571,168844555,Đen Phantom,248166,261128,16450000
658,168844557,168844555,Xanh Zenta,248166,261128,15150000
659,168844563,168844555,Hồng Blossom,248166,261128,16450000
660,168844559,168844555,Xanh Zenta,248166,261128,16450000
661,168844569,168844555,Đen Phantom,248166,261128,15150000
662,168844565,168844555,Trắng Phantom,248166,261128,15150000
663,168844561,168844555,Hồng Blossom,248166,261128,15150000
664,168844567,168844555,Trắng Phantom,248166,261128,16450000
665,166438259,166438257,Trắng ngọc trai,149585,162514,5759000
666,166438261,166438257,Xanh chạng vạng,149585,162514,5759000
667,166438263,166438257,Xám khoáng thạch,149585,162514,5759000
668,127061397,127061391,Awesome Violet/Tím,29286,29952,7899000
669,185931196,185931194,Xanh đen,166268,179232,2099000
670,185931198,185931194,Xanh Dương,166268,179232,2099000
671,168940035,168940033,Trắng Phantom,248166,261128,22950000
672,168940039,168940033,Xanh Zeta,248166,261128,22950000
673,168940037,168940033,Đỏ Burgundy,248166,261128,22950000
674,168940041,168940033,Đen Phantom,248166,261128,22950000
675,174890401,174890393,xanh,248166,261128,9990000
676,174890397,174890393,trắng,248166,261128,9990000
677,174890395,174890393,tím,248166,261128,9990000
678,164923598,164923596,Đen bí ẩn,200893,213861,3490000
679,164923600,164923596,Trắng sành điệu,200893,213861,3490000
680,144768900,130744724,Xanh Đen,149183,162061,2790000
681,144768900,130744724,Xanh Đen,166268,179232,2790000
682,144768900,130744724,Xanh Đen,223003,235971,3490000
683,144768900,130744724,Xanh Đen,50450,53024,3900000
684,144768899,130744724,Trắng Xanh,149183,162061,2790000
685,144768899,130744724,Trắng Xanh,166268,179232,2790000
686,144768899,130744724,Trắng Xanh,223003,235971,3490000
687,172334005,172334001,Xanh Dương,166268,179232,2949000
688,172334003,172334001,Đen,166268,179232,2949000
689,197966911,197966909,Đen Tinh Vân,29286,29952,3679000
690,197966913,197966909,Xanh Dương Xỉ,29286,29952,3679000
691,197966915,197966909,Đồng Ánh Hồng,29286,29952,3679000
692,174604036,174604032,Xanh Dương,248166,261128,4330000
693,174604038,174604032,Đen huyền bí,248166,261128,4330000
694,174604034,174604032,Cam Đào,248166,261128,4330000
695,158348725,158348723,Đen Mạnh Mẽ,29286,29952,5489000
696,158348727,158348723,Bạc Phá Cách,29286,29952,5489000
697,174890401,174890393,xanh,248166,261128,9990000
698,174890397,174890393,trắng,248166,261128,9990000
699,174890395,174890393,tím,248166,261128,9990000
700,164758339,164758308,Đen,20167,20704,5190000
701,164758310,164758308,Xanh,20167,20704,5190000
702,108888165,108888161,Tím,16,63,1559000
703,159110709,159110705,Xanh Dương,166268,179232,1879000
704,162728555,162728553,Xám (Grey),20167,20704,3970000
705,162728568,162728553,Xanh Dương,20167,20704,3970000
706,135596563,133599948,MAGNET BLACK,166268,179232,2689000
707,135596523,133599948,JEWEL BLUE,166268,179232,2689000
708,171897590,171897574,Xanh Dương,20167,20704,3390000
709,171897580,171897574,Xám (Gray),20167,20704,3390000
710,172160188,172160182,Xanh,20167,20704,6690000
711,172160190,172160182,Xám (Grey),20167,20704,6690000
712,172828971,172828967,Cam nhiệt huyết,149585,162514,4509000
713,172828969,172828967,Đen cá tính,149585,162514,4509000
714,172828973,172828967,Xanh năng động,149585,162514,4509000
715,191629875,191629873,Xám,20167,20704,2390000
716,191629877,191629873,Xanh Dương,20167,20704,2390000
717,191629879,191629873,Bạc,20167,20704,2390000
718,195436029,195436019,Xanh nhạt,113090,122357,4190000
719,195436025,195436019,Xám,113090,122357,4190000
720,176713250,176713246,Xanh Thời Thượng,29286,29952,9769000
721,168844571,168844555,Đen Phantom,248166,261128,16450000
722,168844557,168844555,Xanh Zenta,248166,261128,15150000
723,168844563,168844555,Hồng Blossom,248166,261128,16450000
724,168844559,168844555,Xanh Zenta,248166,261128,16450000
725,168844569,168844555,Đen Phantom,248166,261128,15150000
726,168844565,168844555,Trắng Phantom,248166,261128,15150000
727,168844561,168844555,Hồng Blossom,248166,261128,15150000
728,168844567,168844555,Trắng Phantom,248166,261128,16450000
729,178000122,178000116,Xanh Thời Thượng,149585,162514,9769000
730,178000126,178000116,Xám Thanh Lịch,149585,162514,9769000
731,178000124,178000116,Trắng Tinh Tế,149585,162514,9769000
732,166438259,166438257,Trắng ngọc trai,149585,162514,5759000
733,166438261,166438257,Xanh chạng vạng,149585,162514,5759000
734,166438263,166438257,Xám khoáng thạch,149585,162514,5759000
735,165965624,165965622,Xám Khoáng Thạch,29286,29952,5759000
736,179439750,165965622,Xanh Chạng Vạng,29286,29952,5759000
737,185931196,185931194,Xanh đen,166268,179232,2099000
738,185931198,185931194,Xanh Dương,166268,179232,2099000
739,190544271,190544267,Xanh,29286,29952,4490000
740,144768900,130744724,Xanh Đen,149183,162061,2790000
741,144768900,130744724,Xanh Đen,166268,179232,2790000
742,144768900,130744724,Xanh Đen,223003,235971,3490000
743,144768900,130744724,Xanh Đen,50450,53024,3900000
744,144768899,130744724,Trắng Xanh,149183,162061,2790000
745,144768899,130744724,Trắng Xanh,166268,179232,2790000
746,144768899,130744724,Trắng Xanh,223003,235971,3490000
747,107348442,107348438,Bạc,176701,189668,4290000
748,168461597,107348438,Xanh,176701,189668,3190000
749,160303945,160303941,Vàng phù sa,149585,162514,1969000
750,160303943,160303941,Xanh thiên thạch,149585,162514,2290000
751,137582803,137582801,Đen Caro,29286,29952,2579000
752,137582803,137582801,Đen Caro,166268,179232,2599000
753,137582803,137582801,Đen Caro,80704,86805,2767500
754,137582805,137582801,Xanh Caro,29286,29952,2579000
755,137582805,137582801,Xanh Caro,80704,86805,2767500
756,196342122,196338179,Đen,20167,20704,35900000
757,196342118,196338179,Kem,20167,20704,35900000
758,196342120,196338179,Xanh,20167,20704,35900000
759,167383171,167383164,4GB+64GB,34002,34716,4690000
760,167383229,167383164,4GB+128GB,34002,34716,4990000
761,151588152,151588148,Xanh Hồng,149183,162061,4990000
762,151588152,151588148,Xanh Hồng,40395,1,5350000
763,151588152,151588148,Xanh Hồng,232767,245735,5890000
764,151588152,151588148,Xanh Hồng,223003,235971,6690000
765,151588150,151588148,Đen,149183,162061,4990000
766,151588150,151588148,Đen,40395,1,5350000
767,151588150,151588148,Đen,232767,245735,5890000
768,160797088,160797086,Đen,29286,29952,5679000
769,160797090,160797086,Xanh Hồng ,29286,29952,5679000
770,194037971,194037967,Xanh Dương,40395,1,24430000
771,194037969,194037967,Vàng,40395,1,24430000
772,194037975,194037967,Xám,40395,1,24430000
773,181699270,181699258,Blue,138797,150440,3090000
774,181699273,181699258,Black,138797,150440,3090000
775,173205168,173205160,Đen,20167,20704,8990000
776,174630786,174630782,Xanh Dương,248166,261128,5050000
777,174630784,174630782,Đen huyền bí,248166,261128,5050000
778,174630788,174630782,Cam Đào,248166,261128,5050000
779,181699030,181699025,Black,138797,150440,8890000
780,75368378,59519631,3GB-64GB,713,750,3990000
781,196760334,196760330,Xanh Ngân Hà,29286,29952,4090000
782,196760332,196760330,Đen Thiên Hà,29286,29952,4090000
783,191548193,191548181,Đen,232767,245735,25490000
784,191548191,191548181,Đen,232767,245735,23990000
785,191548187,191548181,Xanh Lá,232767,245735,23990000
786,191548183,191548181,Hồng,232767,245735,23990000
787,191548189,191548181,Xanh Lá,232767,245735,25490000
788,191548185,191548181,Hồng,232767,245735,25490000
789,191548198,191548181,Trắng,232767,245735,25490000
790,191548195,191548181,Trắng,232767,245735,23990000
791,196953618,196953614,vàng rạng đông,149585,162514,9669000
792,196953616,196953614,đen ánh sao,149585,162514,9669000
793,196522830,196522828,Đen Kim Sa,29286,29952,3089000
794,196522832,196522828,Xanh Ánh Kim,29286,29952,3089000
795,175192244,175192238,Trắng Phantom,149585,162514,25619000
796,181699295,181699278,Grey,138797,150440,4540000
797,165968891,119461456,Trắng,166268,179232,3450000
798,165968891,119461456,Trắng,199639,212607,3490000
799,165968891,119461456,Trắng,149183,162061,3750000
800,165968891,119461456,Trắng,223003,235971,3990000
801,144762985,123565899,Trắng,223003,235971,5490000
802,144762986,123565899,Xanh,149183,162061,4450000
803,144762986,123565899,Xanh,223003,235971,5490000
804,174422888,174422886,Đen Ghi Bí Ẩn,29286,29952,6499000
805,169756085,169756083,Xám khoáng thạch,149585,162514,7859000
806,169756089,169756083,Xanh đại dương,149585,162514,7859000
807,105178256,93502532,Xanh thiên thạch,166268,179232,1769000
808,105178256,93502532,Xanh thiên thạch,149585,162514,1949000
809,105191888,93502532,Vàng phù sa,149585,162514,1949000
810,140221781,140221779,Đen,40395,1,6650000
811,140221781,140221779,Đen,223003,235971,8490000
812,140221783,140221779,Xanh,40395,1,6650000
813,140221783,140221779,Xanh,223003,235971,8490000
814,150840068,142667084,Trắng Xanh,223003,235971,3790000
815,159887269,159887246,Bạc Phantom,248166,261128,34950000
816,159887263,159887246,Xanh Phantom,248166,261128,34950000
817,189466003,189466001,xanh da trời,149585,162514,2369000
818,189466005,189466001,Bạc Chorme,149585,162514,2369000
819,189466007,189466001,Xám than chì,149585,162514,2369000
820,144762668,123565891,Xanh,223003,235971,4990000
821,144762667,123565891,Trắng,223003,235971,4990000
822,143850133,143850131,Vũ điệu ánh trăng,149585,162514,6549000
823,169307934,169307929,Tím,248166,261128,6490000
824,194489411,194489407,Đen,40395,1,9890000
825,194489409,194489407,Vàng,40395,1,9890000
826,140163118,140163114,Đen mạnh mẽ,149585,162514,3969000
827,145367831,145367822,Xanh đen,20167,20704,2890000
828,197605021,197605015,8GB-128GB,248166,261128,23990000
829,197605066,197605015,8GB-128GB,248166,261128,23990000
830,197605062,197605015,8GB-128GB,248166,261128,23990000
831,197605083,197605015,8GB-128GB,248166,261128,23990000
832,197605099,197605015,8GB l 256GB,248166,261128,25990000
833,197605102,197605015,8GB l 256GB,248166,261128,25990000
834,197605121,197605015,8GB l 256GB,248166,261128,25990000
835,197605116,197605015,8GB l 256GB,248166,261128,25990000
836,190558369,190558359,Grey,138797,150440,6190000
837,190558366,190558359,Blue,138797,150440,6190000
838,190530088,190530084,Xanh,9806,10016,22850000
839,190530086,190530084,Đỏ,9806,10016,22850000
840,190530092,190530084,Trắng,9806,10016,22850000
841,190530090,190530084,Đen,9806,10016,22850000
842,159887192,159887172,Xanh,248166,261128,22450000
843,100993289,100993285,Tím,20167,20704,5050000
844,100993287,100993285,Đen,20167,20704,5050000
845,166034914,166034912,Bạc,40395,1,2890000
846,166034916,166034912,Đen,40395,1,2890000
847,166034914,166034912,Bạc,40395,1,2890000
848,166034916,166034912,Đen,40395,1,2890000
849,100993289,100993285,Tím,20167,20704,5050000
850,100993287,100993285,Đen,20167,20704,5050000
851,198256129,198256127,Tech Black,40395,1,4190000
852,198256131,198256127,Muse Blue,40395,1,4190000
853,198256136,198256132,Alantic Blue,40395,1,2250000
854,198256134,198256132,Space Grey,40395,1,2250000
855,174865711,174865709,đỏ,248166,261128,2845000
856,174865713,174865709,đen,248166,261128,2845000
857,147438293,147438290,Xanh đen,16,63,2790000
858,197653570,197653568,Xanh biển,149183,162061,2420000
859,197653572,197653568,Xanh Bạc Hà,149183,162061,2420000
860,161390225,160819279,Xanh Hoàng Hôn,29286,29952,3899000
861,198254456,198254452,Atlantic Blue,40395,1,3490000
862,198254454,198254452,Space Grey,40395,1,3490000
863,198254458,198254452,Glacial Blue,40395,1,3490000
864,108888578,108888574,Xanh ,50450,53024,752000
865,108888578,108888574,Xanh ,16,63,850000
866,108888576,108888574,Đen,16,63,779000
867,108888576,108888574,Đen,50450,53024,800000
868,108888580,108888574,Vàng,50450,53024,750000
869,108888580,108888574,Vàng,16,63,779000
870,197600539,190701486,Đen,80704,86805,4990000
871,197581636,142028538,Đen mạnh mẽ,80704,86805,6490000
872,194490388,194490386,Vàng,40395,1,8390000
873,194490390,194490386,Đen,40395,1,8390000
874,32033721,184036446,Trắng,40395,1,10890000
875,32033719,184036446,Đen,40395,1,10950000
876,32033727,184036446,Xanh Lục,40395,1,10880000
