product_id,product_detail_id,seller_id,id,rating_1,rating_2,rating_3,rating_4,rating_5
5868813,5868817,1,6,0,0,0,0,1
5868813,5868821,1,6,0,0,0,0,2
29931445,29931447,2350,114,0,1,1,7,22
29931445,29931449,2350,114,0,0,0,0,4
57809866,10605503,1,148,0,0,0,0,1
57809866,57809868,1,148,6,2,11,34,248
57809866,57809870,1,148,2,0,2,17,117
57809866,57814361,1,148,2,1,3,12,85
57809866,57839704,80348,148,0,0,1,1,6
57809866,57840827,80348,148,0,0,0,0,15
57809866,57900190,2198,148,0,0,0,0,2
57809866,58547900,63,148,0,0,0,0,4
57809866,58667010,63,148,1,0,0,1,4
57809866,58667044,63,148,0,0,0,2,4
57809866,58931951,80348,148,0,0,1,0,9
57809866,68350163,20704,148,0,0,0,3,13
57809866,69026072,20704,148,0,0,1,3,4
57809866,71141255,20704,148,0,1,0,1,4
57809866,77748304,162514,148,0,0,0,1,8
57809866,77748305,162514,148,0,0,1,0,2
57809866,77748306,162514,148,0,0,0,1,3
57809866,81694661,122357,148,0,0,0,0,1
57809866,82482066,122357,148,0,0,0,0,1
57809866,89625099,29952,148,0,0,3,1,20
57809866,89625100,29952,148,1,0,0,1,23
57809866,92484951,179232,148,0,0,0,1,8
57809866,92484953,179232,148,0,0,0,1,7
57809866,98331754,2198,148,0,0,0,2,4
57809866,117578394,29952,148,0,0,0,0,3
57809866,196161253,1,148,0,0,0,0,1
58065346,10605503,1,61,0,0,0,0,6
58065346,58065348,1,61,2,1,3,12,90
58065346,58065350,1,61,3,1,1,8,82
58065346,76475829,162061,61,0,0,0,0,2
58065346,110892866,179232,61,0,0,0,0,1
58065346,110892868,179232,61,1,0,0,1,6
59519631,59519675,80348,149,1,1,1,0,10
59519631,59519696,80348,149,0,0,0,0,4
59519631,66622846,80348,149,0,0,0,0,1
59519631,66622965,80348,149,0,0,0,2,33
59519631,68357328,20704,149,0,0,0,1,3
59519631,68427793,20704,149,0,0,0,0,2
59519631,71174937,1,149,0,0,0,3,17
59519631,71174970,1,149,0,0,0,1,13
59519631,71174975,1,149,0,1,1,3,12
59519631,77748243,162514,149,1,0,0,1,5
59519631,90960442,122357,149,0,0,0,1,4
59519631,90960443,122357,149,0,0,0,0,4
59519631,90960444,122357,149,0,0,0,1,3
59519631,92095948,34716,149,0,0,0,0,2
59519631,92484955,179232,149,0,0,0,0,3
59519631,93925216,63,149,0,0,0,0,3
62269749,62295461,1,87,1,1,2,1,26
62269749,62295462,1,87,0,0,2,0,3
62269749,62295463,1,87,2,0,1,4,32
62269749,63463383,77917,87,0,1,0,3,8
62269749,63463601,77917,87,0,0,0,0,2
62269749,63465870,77917,87,0,0,0,1,4
62269749,64061149,10016,87,0,1,0,3,14
62269749,68816966,10016,87,0,0,0,1,14
62269749,73256085,10016,87,0,1,0,0,5
62269749,94426107,20704,87,0,0,0,0,1
65492829,65492830,2350,57,0,0,0,0,5
67910637,10605503,1,132,0,0,0,0,1
67910637,67910639,1,132,6,6,10,75,412
67910637,67910641,1,132,6,0,1,13,126
67910637,67910645,1,132,32,8,26,162,1099
67910637,67910647,1,132,4,1,5,23,157
67910637,67910649,1,132,2,0,4,6,59
67910637,73239315,2198,132,0,2,3,2,16
67910637,73364940,2198,132,0,0,3,2,9
67910637,73575593,29952,132,0,0,0,4,11
67910637,73575594,29952,132,0,0,0,3,16
67910637,73575595,29952,132,0,0,0,1,17
67910637,73575596,29952,132,0,0,1,2,28
67910637,73575597,29952,132,2,0,2,13,40
67910637,73575598,29952,132,0,0,0,8,17
67910637,75951413,162514,132,0,0,0,0,5
67910637,75951414,162514,132,0,0,0,1,3
67910637,77042319,162061,132,1,0,0,4,41
67910637,77042320,162061,132,0,0,0,0,6
67910637,87960852,63,132,0,0,0,0,2
67910637,87961032,63,132,0,0,0,2,5
67910637,87961033,63,132,0,0,1,1,4
67910637,102397435,179232,132,0,0,0,0,8
67910637,102397436,179232,132,0,0,0,1,6
67910637,102397437,179232,132,0,0,0,1,7
67910637,102397438,179232,132,0,0,0,0,5
67910637,102397439,179232,132,0,0,0,1,3
67910637,108879016,179232,132,0,0,1,0,3
81027831,81027833,1,43,0,0,0,2,13
81027831,81027835,1,43,0,0,0,0,7
81034656,81034658,1,32,0,0,0,12,95
81034656,81034660,1,32,0,0,0,6,75
88100671,89646375,29952,77,0,0,1,2,45
88100671,89646376,29952,77,0,0,1,4,37
88100671,89646377,29952,77,0,0,0,2,18
88100671,89646378,29952,77,0,0,0,0,3
88100671,93722331,1,77,2,0,2,4,31
88100671,93722332,1,77,0,0,0,0,5
88100671,93722335,1,77,0,2,0,11,51
88100671,98334677,86805,77,0,0,0,0,1
88100671,100931425,162514,77,0,0,0,0,8
88100671,100931427,162514,77,1,0,0,0,2
88100671,100931430,162514,77,0,0,0,0,3
88100671,100931431,162514,77,0,0,0,2,1
88255880,88255888,1,40,0,0,0,5,62
88255880,88255893,1,40,1,0,1,1,39
88255880,196395548,1,40,0,0,0,1,6
89888994,89888996,1,85,0,0,0,3,41
89888994,89888998,1,85,2,0,0,6,32
89888994,146648972,179232,85,0,0,1,0,13
89888994,146648973,179232,85,1,0,0,3,18
93502532,93502534,63,20,0,0,0,1,7
93502532,93502536,63,20,0,0,0,1,2
93502532,105178256,162514,20,0,0,1,0,6
93502532,105191888,162514,20,0,0,0,0,2
93502532,138821862,179232,20,0,0,0,0,2
99376042,99376044,1,85,16,3,10,82,732
99376042,99376047,1,85,9,9,12,70,629
99376042,160203328,179232,85,1,0,0,4,11
99376042,160203329,179232,85,0,0,0,1,18
99862142,99862144,80348,136,0,0,0,0,2
99862142,99862146,80348,136,1,0,0,2,4
99862142,99862148,80348,136,1,0,0,2,8
99862142,107535103,122357,136,0,0,0,0,4
99862142,107535104,122357,136,1,0,0,0,9
99862142,107535105,122357,136,0,0,0,0,6
100993285,100993287,20704,40,0,0,0,0,1
101615454,101615456,122357,151,0,0,0,1,5
101615454,101615458,122357,151,0,0,0,1,1
101615454,101615460,122357,151,0,0,0,0,6
101615454,102653828,1,151,0,1,1,3,30
101615454,102653829,1,151,0,0,1,2,19
101615454,102653831,1,151,1,1,1,2,40
101615454,109079099,162514,151,0,0,0,0,2
101615454,109079101,162514,151,0,0,0,0,6
102077313,102077359,20704,77,0,0,0,0,5
102077313,102077370,20704,77,0,0,1,2,20
102077313,102077430,20704,77,1,0,0,0,3
102077313,102077524,20704,77,0,0,0,3,22
102077313,192032703,1,77,0,0,0,0,2
102077313,192032704,1,77,0,0,0,0,2
102077313,192032705,1,77,0,0,0,0,3
102565233,102565272,20704,151,0,1,0,3,14
102565233,102565284,20704,151,1,0,0,2,14
103046198,103046583,189668,108,2,1,7,16,188
103046198,103046587,189668,108,3,1,3,9,199
103046198,111885373,189668,108,0,0,0,0,1
103046198,111944676,80348,108,0,0,0,0,9
103046198,111944677,80348,108,1,0,2,3,14
103046198,168423771,189668,108,0,0,0,3,36
107348438,107348440,189668,108,0,0,1,2,24
107348438,107348442,189668,108,1,0,1,1,14
107348438,168461597,189668,108,0,0,0,1,14
108888161,108888163,63,19,1,0,0,2,2
108888161,108888165,63,19,0,0,0,0,1
108888574,108888576,63,17,0,0,1,0,7
108888574,108888578,63,17,1,0,0,0,4
108888574,108888580,63,17,0,0,0,1,4
112821872,112861601,29952,149,0,0,0,0,11
112821872,112861603,29952,149,0,0,0,0,5
112821872,112861605,29952,149,0,0,0,2,8
113569117,113569119,1,44,2,1,0,3,49
113569117,113569121,1,44,1,0,0,4,65
113569117,135639874,179232,44,0,0,0,0,3
113569117,135639875,179232,44,0,0,0,0,3
113569117,140613701,213861,44,0,0,0,1,1
113569117,140613715,213861,44,0,0,0,0,1
114766715,114766720,1,33,0,0,0,0,10
114766715,114766722,1,33,0,0,0,0,3
119421964,119421966,10016,72,0,1,0,1,6
119421964,119421968,10016,72,0,0,0,1,7
119421964,143362611,10016,72,0,0,0,1,0
119461456,119461458,1,127,0,0,1,4,76
119461456,119461460,1,127,0,0,0,3,76
119461456,132025083,162061,127,0,0,0,0,1
119461456,135636653,179232,127,0,0,0,0,2
119461456,145297367,172070,127,0,0,0,0,1
119464777,119464779,29952,19,0,0,0,4,20
119464777,119464781,29952,19,0,0,0,2,2
119464777,138826716,179232,19,0,0,0,2,8
119464777,138826717,179232,19,1,1,2,5,17
120295859,120295861,1,23,2,1,0,12,54
120295859,135545307,179232,23,1,0,0,3,7
120295859,135545308,179232,23,0,0,1,2,0
120450353,120450355,162514,72,0,0,0,2,21
120450353,120450357,162514,72,0,0,0,0,1
120450353,120450359,162514,72,1,0,0,4,19
120450353,120789769,29952,72,1,0,0,2,12
120450353,120789771,29952,72,0,0,0,2,8
120450353,126022663,1,72,1,0,0,5,60
120450353,126022664,1,72,2,1,1,7,41
120450353,126022665,1,72,0,1,0,0,12
121252535,178098955,1,63,0,0,0,0,7
121252535,178098960,1,63,0,0,0,1,7
121744434,121744436,29952,141,1,0,0,0,13
121744434,121744438,29952,141,0,0,0,0,3
121744434,121744440,29952,141,0,0,0,3,10
123345348,70766417,1,1,3,0,2,10,166
123345348,70766419,1,1,1,0,0,8,123
123345348,70766421,1,1,0,0,0,5,57
123345348,70766423,1,1,2,0,0,5,98
123345348,70766425,1,1,2,0,2,4,115
123345348,70766427,1,1,2,2,1,8,139
123345348,70766429,1,1,2,0,1,4,80
123345348,70766431,1,1,0,1,1,0,45
123345348,70766433,1,1,1,2,1,9,93
123345348,70766435,1,1,1,1,1,7,90
123345348,97736366,1,1,0,0,0,3,39
123345348,97750718,1,1,0,0,0,3,53
123561325,123561327,1,122,1,0,0,1,2
123565899,123565901,1,128,0,0,0,0,3
123565899,123565903,1,128,1,0,0,0,1
123565899,144230812,162061,128,0,0,0,0,1
124036010,124036012,162514,40,0,0,0,0,1
124036010,124036014,162514,40,0,0,0,0,1
124877310,124877312,20704,75,0,0,0,1,17
124877310,124877314,20704,75,1,0,0,0,5
124877310,124877316,20704,75,0,0,0,2,5
125590981,125590983,222120,23,0,0,0,1,20
125595055,125595057,222120,20,0,0,0,0,1
125600698,138574078,1,19,1,0,3,5,33
125600698,138828312,179232,19,0,0,0,2,8
125766378,125766380,20704,72,0,0,0,0,10
125766378,125766382,20704,72,0,0,0,0,13
125766378,147497230,162061,72,0,0,0,0,1
126050455,126050463,20704,20,0,0,0,0,1
126050455,126050465,20704,20,0,0,0,0,1
126050455,135538835,179232,20,0,0,0,0,3
126050455,135538846,179232,20,1,0,0,2,9
126051025,126051027,20704,20,0,0,0,2,5
126051025,126051029,20704,20,0,0,0,2,2
126219116,126219122,10016,81,0,0,0,0,2
126219116,144532607,77917,81,0,1,0,0,3
126219116,144532608,77917,81,0,0,0,0,1
126219116,144532609,77917,81,0,0,0,3,1
126219116,144532610,77917,81,0,0,0,1,1
126296983,126296985,222120,20,0,0,0,0,1
126296983,149310603,63,20,0,0,1,1,2
126682340,126682342,162514,141,0,0,0,1,10
126682340,126682344,162514,141,0,0,0,1,4
126682340,126682346,162514,141,0,0,0,0,8
126682340,145297373,172070,141,1,0,0,0,1
126682340,185821363,1,141,0,0,0,0,14
126682340,185821364,1,141,0,0,0,0,6
127058581,127058583,1,134,0,0,0,2,3
127076439,127076446,1,133,0,0,0,1,16
127372598,127372600,20704,72,0,0,0,3,7
127372598,127372603,20704,72,1,0,0,3,18
127372598,135605934,179232,72,0,0,0,0,3
127372598,135606038,179232,72,0,0,0,0,2
128446446,128451311,186025,58,0,0,0,0,1
128865871,128865873,20704,86,2,0,0,11,93
128865871,128865875,20704,86,1,0,1,10,84
128865871,128865877,20704,86,0,0,0,3,22
129868798,129868800,186025,58,0,0,0,0,2
130744724,130744726,1,125,0,1,0,0,24
130744724,130744728,1,125,0,0,0,1,16
130744724,150003410,53024,125,0,0,0,0,1
130744724,150761894,179232,125,0,1,0,0,0
130744724,150761895,179232,125,0,0,0,0,1
132068858,132068860,1,35,0,1,0,4,91
132068858,132068862,1,35,3,0,0,5,80
132068858,140614064,213861,35,0,0,0,0,2
132068858,140614066,213861,35,1,0,0,0,1
132068858,170371318,162061,35,0,0,0,0,1
132068858,179554821,1,35,2,0,0,1,32
132234204,132234212,77917,95,0,0,0,0,1
132234204,132234251,77917,95,0,0,0,0,1
132234204,132234264,77917,95,0,0,0,0,2
132234204,132234378,77917,95,0,0,0,0,1
132234204,139050879,1,95,0,1,0,0,1
132234204,139050880,1,95,0,0,0,1,3
132234204,139050881,1,95,0,0,0,0,1
132234204,139050883,1,95,0,0,0,2,10
133599948,133599977,189668,111,0,0,1,1,11
133599948,133600011,189668,111,0,0,0,0,16
133599948,135596523,179232,111,0,0,0,0,10
133599948,135596563,179232,111,0,0,0,1,7
133811136,133811138,29952,149,0,0,0,0,9
133811136,133811140,29952,149,0,0,0,0,1
133811136,143523968,29952,149,0,0,0,1,3
133811136,143523969,29952,149,0,0,0,0,7
133811136,150825981,172070,149,0,0,0,0,1
133811136,150825982,172070,149,0,0,0,0,1
133811136,189106428,1,149,0,0,0,1,6
133811136,189106429,1,149,1,0,0,3,12
135322157,135322159,29952,20,0,0,0,5,9
135322157,135322161,29952,20,0,0,0,0,5
135322157,138831200,179232,20,0,0,1,1,5
135322157,176059930,1,20,1,1,0,1,12
135332196,135332198,29952,20,0,0,0,0,6
135332196,135332200,29952,20,0,0,0,0,1
135332196,135511715,179232,20,0,0,1,0,4
135332196,135511716,179232,20,1,1,0,0,6
135332196,140621854,1,20,0,0,0,4,55
135332196,140621855,1,20,2,0,1,0,17
137153211,137153212,222120,21,0,0,0,0,1
137572223,137572225,29952,35,0,0,1,0,1
137572223,137572227,29952,35,0,0,0,0,1
137582801,137582803,29952,63,0,0,0,1,0
137582801,168518036,179232,63,1,0,0,0,0
137864049,137864050,2350,53,0,0,0,2,4
138305946,138569412,1,19,0,0,0,4,14
138305946,141648148,179232,19,0,0,0,0,1
138873172,138873176,162514,111,0,0,0,0,1
138873172,142245116,29952,111,0,0,0,0,4
138873172,142245118,29952,111,0,0,0,0,1
138873172,146988589,80348,111,0,0,0,0,2
140184098,140184100,29952,131,2,0,1,0,11
140184098,144192837,179232,131,2,0,0,3,3
140184098,144192839,179232,131,1,0,0,3,4
140221779,140221781,1,118,0,0,0,0,1
140221779,140221783,1,118,0,0,0,0,3
140309479,140309481,63,15,0,0,0,1,0
140309479,144629008,179232,15,0,0,1,0,1
140309479,144629009,179232,15,1,0,0,1,0
140309479,144629010,179232,15,0,0,1,0,3
140309479,150064780,53024,15,0,0,0,0,1
141133864,141133868,29952,32,0,0,0,0,1
141529940,144973947,162061,63,0,0,0,0,1
142028538,142028540,213861,41,0,0,0,2,6
142028538,142028542,213861,41,0,0,0,1,3
142545270,142545272,1,34,0,0,0,3,31
142545270,142545275,1,34,0,0,1,1,86
142545270,171350275,1,34,0,1,0,4,45
143358429,143358431,189668,107,0,0,0,1,15
143358429,143358433,189668,107,0,0,1,4,12
143359355,143359357,29952,110,0,0,1,0,3
143359355,143359359,29952,110,0,0,0,0,3
143359355,149334317,29952,110,0,0,0,0,1
143359355,149334319,29952,110,0,0,0,0,3
143850131,143850133,162514,118,0,0,0,0,3
143850131,143850135,162514,118,0,0,0,1,1
144870494,145275514,213861,34,0,0,0,0,1
145867907,145867908,245735,125,0,0,0,0,1
145907337,145907339,245735,128,0,0,0,0,1
145972424,145972426,162514,34,0,0,0,1,3
147058165,147058167,63,25,1,0,0,1,3
147058165,147058169,63,25,0,0,0,0,1
147969070,155338645,179232,13,1,0,0,3,4
147969070,155338646,179232,13,0,0,2,4,8
147969070,155338647,179232,13,1,0,1,1,5
149776401,171189045,179232,102,0,0,0,1,7
151463645,151463646,2350,9,0,0,0,1,0
151588148,151588150,1,130,0,0,0,0,2
151588148,151588152,1,130,0,0,0,1,3
151588148,171240883,1,130,0,0,0,0,3
152880374,160372524,179232,7,0,0,0,0,5
155833852,155833858,29952,16,0,0,0,0,1
156000562,156000566,29952,72,0,0,0,0,2
156000562,156000571,29952,72,0,0,0,0,2
158091991,158091993,1,117,0,0,0,1,1
158091991,158091995,1,117,0,0,0,0,2
158348723,158348727,29952,41,0,0,0,0,1
158461088,158461473,20704,35,0,0,0,0,2
158461088,189700515,20704,35,0,0,0,1,0
158714974,158714987,1,69,0,1,0,0,11
158714974,158714989,1,69,1,0,1,0,17
158714974,158714991,1,69,0,0,0,0,1
158741127,158741129,29952,69,0,0,0,0,7
158741127,158741131,29952,69,0,0,0,0,2
158741127,158741133,29952,69,0,0,0,0,1
158741127,179233031,179232,69,0,0,0,0,1
158880691,158880693,162514,69,0,0,0,1,0
158880691,158880695,162514,69,0,0,0,0,2
158959446,158959450,245735,41,0,0,0,0,1
159725951,159725953,20704,69,0,0,0,0,6
159725951,159725955,20704,69,0,0,0,0,7
159725951,159725957,20704,69,0,0,0,0,1
159725951,196153418,1,69,0,0,0,0,3
159725951,196153419,1,69,0,0,0,1,2
159853930,159853938,29952,89,0,0,0,0,1
159887168,159887181,261128,89,0,0,0,0,2
159887168,159887190,261128,89,0,0,0,0,1
159887168,159887195,261128,89,1,0,0,1,2
159887168,159887199,261128,89,0,0,0,0,1
159887168,159887206,261128,89,0,0,0,0,1
159887243,159887249,261128,96,0,0,0,0,4
159887243,159887254,261128,96,0,0,0,0,6
159887243,159887258,261128,96,0,0,0,1,5
159887243,159887262,261128,96,0,0,0,0,2
160203316,160203318,179232,85,0,0,0,0,3
160203316,160203320,179232,85,0,0,0,0,1
160303941,160303943,162514,20,1,0,0,0,0
160303941,160303945,162514,20,0,0,0,0,1
160797086,160797090,29952,130,0,0,0,1,1
160801738,160801740,162514,152,0,0,0,1,9
160801738,160801742,162514,152,1,0,0,1,17
160801738,169879712,179232,152,0,0,0,1,11
160801738,169879713,179232,152,0,0,0,1,4
160801738,169879714,179232,152,0,0,0,3,13
160801751,160801753,162514,152,0,0,0,0,5
160801751,160801755,162514,152,0,1,0,0,2
160801751,160801757,162514,152,0,0,0,0,2
160801751,166542226,1,152,0,0,1,1,28
160801751,166542227,1,152,0,0,1,6,34
160801751,166542228,1,152,0,1,1,0,45
160819119,160819121,29952,152,0,0,0,1,4
160819119,161386600,29952,152,0,0,0,0,4
160819119,169880808,179232,152,0,0,0,1,6
160819119,169880809,179232,152,0,0,0,1,11
160819119,169880810,179232,152,0,0,0,0,3
161158099,161158101,259709,162,0,0,0,0,2
161178498,161178505,259709,161,0,0,0,0,1
162478086,162478088,1,90,0,0,0,0,4
162478086,162478090,1,90,0,0,0,2,11
162478086,162478092,1,90,1,0,1,1,3
162478086,162478094,1,90,1,0,0,1,3
162583902,162583904,1,91,0,0,0,0,3
162583902,162583906,1,91,0,0,0,1,2
162583902,162583908,1,91,0,0,0,0,5
162583902,162583910,1,91,0,0,0,0,9
162583980,162583982,1,91,0,0,0,1,3
162583980,162583986,1,91,0,0,0,0,2
162583980,162583988,1,91,0,0,0,2,1
162593114,162593118,1,93,0,0,0,0,2
162593114,162593120,1,93,2,0,0,0,5
162593114,162593122,1,93,0,0,1,1,3
162593136,162593140,1,93,0,0,1,2,6
162593136,162593142,1,93,0,0,1,1,3
162593136,162593144,1,93,0,0,1,0,4
162593187,162593189,1,93,0,0,0,0,3
162593187,162593191,1,93,0,0,0,1,4
162593187,162593193,1,93,0,0,0,1,6
162593187,162593195,1,93,0,0,0,0,1
162593187,170730061,259954,93,0,0,0,0,1
163039754,163039764,20704,152,0,0,0,0,4
163039754,163039768,20704,152,0,0,0,1,1
163039754,163039770,20704,152,0,0,0,0,3
164758308,164758310,20704,77,0,0,0,0,2
164758308,164758339,20704,77,0,0,0,1,1
164923596,164923598,213861,34,0,0,0,0,1
164937168,164937170,1,34,1,0,0,0,46
164937168,164937172,1,34,0,0,0,5,30
164960337,164960341,20704,158,0,0,0,1,3
164960337,164960343,20704,158,0,0,0,1,3
165700071,165700073,213861,38,0,0,0,1,1
165700071,165700075,213861,38,0,0,0,0,1
165965622,165965624,29952,158,0,0,0,1,1
166034912,166034914,1,33,0,0,0,2,9
166034912,166034916,1,33,0,0,0,0,7
166389506,166389508,20704,71,0,0,0,0,8
166389506,166389510,20704,71,0,0,0,1,11
166389506,173098011,162061,71,0,0,1,0,0
166438257,166438261,162514,158,0,0,0,0,2
166438257,166438263,162514,158,0,0,0,0,6
167383164,167383229,34716,152,0,0,0,0,1
167495996,167495998,29952,71,0,0,0,0,3
167495996,167496000,29952,71,0,0,0,1,5
167495996,169880923,179232,71,0,0,1,2,8
167495996,169880924,179232,71,0,0,0,0,2
167611667,167611669,20704,69,0,0,0,0,2
167611667,167611671,20704,69,0,0,0,0,1
167611667,167611673,20704,69,0,0,0,0,2
167611667,179233532,179232,69,0,0,0,0,1
167611667,179233533,179232,69,0,0,0,0,1
168055450,168055458,20704,91,0,0,0,0,2
168304456,168304458,189668,112,0,0,0,0,9
168304456,168304460,189668,112,0,0,0,2,6
168304536,168304538,1,46,0,0,0,0,7
168304536,168304540,1,46,0,0,0,0,3
168844555,168844561,261128,90,0,0,0,0,1
168844555,168844569,261128,90,0,0,0,0,1
168940033,168940039,261128,93,0,1,0,0,0
169520871,169520873,29952,156,0,0,0,0,2
169547788,169937786,29952,155,0,0,0,0,3
169547788,169937787,29952,155,0,0,0,0,3
169749516,169749518,162514,155,0,0,0,0,2
169749516,169749520,162514,155,0,0,0,0,1
169749516,169749522,162514,155,0,0,0,0,3
169756083,169756085,162514,156,0,0,0,0,1
170497385,170497387,1,82,0,0,1,1,28
170497385,170497389,1,82,1,0,0,1,19
170497385,170497391,1,82,1,0,0,0,26
170497385,170497393,1,82,0,0,0,3,20
170580388,170580391,1,74,0,0,0,0,25
170580388,170580394,1,74,1,0,1,1,18
170580388,170580396,1,74,1,0,1,3,26
170581659,170581661,1,76,0,0,0,4,23
170581659,170581663,1,76,0,0,0,3,29
170581659,170581666,1,76,0,0,2,2,19
170775712,170775714,29952,146,0,0,0,1,4
170775712,170775716,29952,146,0,0,0,0,1
170775712,177778387,29952,146,0,0,0,0,3
171117665,171117694,20704,93,0,0,0,0,1
171169353,171169355,29952,82,0,0,0,0,4
171169353,171169357,29952,82,0,0,0,0,5
171169353,171169359,29952,82,0,0,0,0,4
171169353,171169361,29952,82,0,0,0,0,1
171190775,171190777,179232,103,0,0,0,2,5
171190775,171190791,179232,103,1,1,1,1,4
171323116,171323120,1,92,0,0,0,0,5
171323116,171323122,1,92,0,0,0,0,1
171897574,171897580,20704,146,0,0,0,0,1
171897574,171897590,20704,146,0,0,0,0,3
171934203,171936550,20704,82,0,0,0,0,3
171934203,171937254,20704,82,0,0,0,0,5
171934203,171937359,20704,82,0,0,0,1,5
171934203,186285522,77917,82,0,0,0,0,1
172001933,172001935,179232,71,0,0,0,2,0
172001933,172001937,179232,71,0,0,0,1,0
172160182,172160188,20704,155,0,0,0,0,7
172160182,172160190,20704,155,0,0,0,1,6
172178476,172178479,29952,76,0,0,0,0,4
172178476,172178483,29952,76,0,0,0,0,1
172178476,172178487,29952,76,0,0,0,0,1
172309326,172309328,29952,74,0,0,0,0,2
172309326,172309330,29952,74,0,0,0,0,7
172309326,172309332,29952,74,0,0,0,1,3
172313857,178097859,1,62,0,0,0,0,8
172313857,178097860,1,62,0,0,0,0,5
172334001,172334005,179232,149,0,0,0,1,0
172335599,172338065,179232,149,0,1,0,0,2
172335599,172339952,179232,149,0,0,0,0,2
172340710,172340712,179232,112,1,0,0,2,9
172340710,172340714,179232,112,0,0,0,1,6
172589109,172589111,162514,146,0,0,0,0,2
172589109,172589113,162514,146,0,0,0,0,3
172589109,172589115,162514,146,0,0,0,0,3
172589109,179232842,179232,146,0,0,0,0,2
172589109,179232843,179232,146,0,0,0,0,1
172826900,172826902,162514,74,0,0,0,1,3
172826900,172826904,162514,74,0,0,0,0,1
172826900,172826906,162514,74,0,0,0,0,1
172949839,172949841,162514,82,0,0,0,1,3
172949839,172949845,162514,82,0,0,0,0,1
172949839,172949847,162514,82,1,0,0,0,2
173164387,173164389,189668,112,0,0,0,0,1
173205160,173205164,20704,49,0,0,0,0,1
173206400,173206402,20704,41,0,0,0,0,2
173450217,173450219,179232,111,0,0,0,0,2
173450217,173450221,179232,111,0,0,0,0,2
173764269,173764271,20704,74,1,0,0,0,5
173764269,173764273,20704,74,1,0,0,0,14
173764269,173764275,20704,74,0,0,0,2,10
173764269,186268004,77917,74,0,0,0,0,1
173764269,191921719,1,74,0,0,0,1,7
173764269,191921723,1,74,0,0,0,2,11
173764601,173764603,20704,76,0,0,0,0,1
173764601,173764605,20704,76,0,0,0,2,2
173764601,173764607,20704,76,0,0,0,0,4
173764601,184785914,77917,76,0,0,0,0,1
173764601,193160809,1,76,0,0,0,2,2
173764601,193160876,1,76,0,0,0,1,1
174422886,174422888,29952,78,0,0,0,0,3
174422886,174422890,29952,78,0,0,0,0,1
174589577,174589579,261128,93,0,0,0,0,1
174593387,174593391,261128,93,0,0,0,0,1
174598949,174598955,261128,91,0,0,0,0,1
174598949,174598957,261128,91,0,0,0,0,1
174599533,174599541,261128,91,0,0,0,0,1
174599533,174599543,261128,91,0,0,0,0,1
174604032,174604034,261128,74,0,0,0,0,1
174649410,174649412,20704,38,0,0,0,0,1
175147005,175147011,162514,78,0,0,0,0,1
175147005,175147013,162514,78,1,0,0,0,2
175193503,175193510,162514,92,0,0,0,0,1
175845367,175845369,1,88,0,1,0,0,17
175845367,175845371,1,88,0,0,1,0,12
175967811,175967814,261128,88,1,0,2,9,47
175967811,175967820,261128,88,2,0,2,6,37
176713246,176713248,29952,84,0,0,0,1,1
176713246,176713250,29952,84,0,0,0,0,1
177141832,177141834,20704,78,0,0,0,0,5
177141832,177141836,20704,78,1,0,0,0,2
177141832,177141838,20704,78,0,0,0,0,1
177141832,184786073,77917,78,0,1,0,0,0
177141832,186285927,77917,78,0,0,0,0,1
177343384,177343386,1,45,0,0,0,2,6
177343384,177343388,1,45,0,0,0,1,12
177746939,177746943,20704,84,0,0,0,1,3
177746939,177746945,20704,84,0,0,0,2,5
177746939,177746947,20704,84,0,0,0,0,1
177746939,184786657,77917,84,0,0,0,0,2
177746939,184786659,77917,84,0,0,0,0,3
178000116,178000122,162514,84,0,0,0,0,1
178000116,178000126,162514,84,0,0,0,0,1
178575037,178575039,29952,22,0,0,0,0,3
178575037,181787951,29952,22,0,0,0,0,1
178951652,178951654,10016,82,0,0,0,1,1
178951652,178951656,10016,82,0,0,0,0,3
179159226,179159228,1,115,0,0,0,1,1
179159226,179159230,1,115,0,0,1,0,6
179159226,181216468,235971,115,0,1,0,0,0
179159226,181216469,235971,115,0,0,0,0,1
179159231,179159233,1,116,0,0,0,0,2
179159231,179159235,1,116,0,0,0,0,2
179159231,181215758,235971,116,0,0,0,0,5
179159231,181215759,235971,116,0,0,0,1,3
179438706,179438708,1,28,2,0,0,6,23
179438706,179438710,1,28,0,0,1,2,18
179438706,191391439,86805,28,0,0,0,0,1
179438711,179438713,1,22,0,0,0,1,3
179438711,179438715,1,22,0,0,0,0,3
179554879,179554881,80348,160,0,0,0,0,1
179554879,179554883,80348,160,0,0,0,0,1
179554879,179554885,80348,160,0,0,0,0,1
179589103,179589105,179232,146,0,0,0,0,1
179589103,179589107,179232,146,0,0,0,0,1
179717941,179717943,10016,93,1,0,0,0,1
179717941,179717945,10016,93,0,0,0,0,1
179717941,179717947,10016,93,0,0,0,0,2
179717941,190584711,10016,93,0,0,0,0,2
179717941,190584712,10016,93,0,0,0,0,1
179930699,179930701,1,22,0,0,0,1,5
179930704,179930706,1,22,0,0,0,0,3
179930704,179930708,1,22,0,0,0,1,1
181264344,181264345,2350,54,0,0,0,0,2
181266509,181266510,2350,113,0,0,0,0,3
181503298,181503300,80348,153,0,0,0,0,5
181503298,181503304,80348,153,0,0,0,0,3
183243019,168721269,1,5,0,0,0,1,1
183243019,168721273,1,5,0,0,0,0,7
183243019,168721277,1,5,0,0,0,1,0
183243019,168721294,1,5,0,0,0,1,8
183243019,168721296,1,5,0,0,0,1,8
183243019,168721298,1,5,0,0,0,1,5
184036446,32033719,1,0,7,1,7,23,404
184036446,32033721,1,0,7,5,4,27,346
184036446,32033723,1,0,2,0,0,2,40
184036446,32033725,1,0,3,1,4,13,137
184036446,32033727,1,0,6,2,4,29,404
184036446,32033729,1,0,3,1,3,7,99
184036446,32033732,1,0,13,1,1,22,268
184036446,32033734,1,0,5,0,2,15,210
184036446,32033736,1,0,1,0,1,5,29
184036446,32033738,1,0,2,0,3,6,111
184036446,32033740,1,0,8,1,1,18,256
184036446,32033742,1,0,2,0,0,4,67
184058811,123554526,1,3,1,0,0,1,28
184058811,123554532,1,3,1,0,0,4,45
184058811,123554538,1,3,0,0,0,1,27
184058811,123554547,1,3,0,0,0,2,66
184058811,123554553,1,3,0,1,0,5,108
184058811,123554558,1,3,4,2,1,6,163
184058811,123554564,1,3,1,0,1,3,69
184058811,123554568,1,3,3,1,1,8,182
184058811,131266321,10016,3,0,0,0,0,1
184058811,168778789,1,3,0,0,1,2,48
184058811,168778799,1,3,0,0,0,0,15
184059211,123547399,1,2,3,3,2,7,143
184059211,123547402,1,2,4,0,1,4,150
184059211,123547403,1,2,1,2,2,7,165
184059211,123547409,1,2,3,0,0,3,88
184059211,123547411,1,2,2,0,1,7,94
184059211,123547417,1,2,0,0,0,0,35
184059211,123547420,1,2,4,1,0,7,192
184059211,123547425,1,2,0,0,2,5,120
184059211,123547428,1,2,4,1,0,6,254
184059211,123547432,1,2,1,2,2,5,111
184059211,168778791,1,2,2,1,0,4,101
184059211,168778795,1,2,0,0,0,2,14
184061913,123554524,1,4,2,0,0,2,120
184061913,123554525,1,4,0,0,0,0,13
184061913,123554531,1,4,0,0,1,4,133
184061913,123554533,1,4,0,0,0,2,12
184061913,123554536,1,4,0,0,0,0,48
184061913,123554540,1,4,2,0,0,0,19
184061913,123554543,1,4,3,0,0,4,153
184061913,123554546,1,4,2,0,2,7,209
184061913,123554549,1,4,0,0,0,0,14
184061913,123554551,1,4,2,0,0,8,200
184061913,123554556,1,4,1,1,0,3,51
184061913,123554562,1,4,3,1,3,8,299
184061913,123554583,1,4,1,0,0,0,1
184061913,123554587,1,4,0,0,0,0,2
184061913,123554589,1,4,0,0,0,0,1
184061913,132023518,10016,4,0,0,0,0,1
184061913,168778801,1,4,0,0,0,1,3
184061913,168778803,1,4,1,0,2,3,86
184061913,168778805,1,4,0,0,0,2,35
184696247,184696249,179232,66,0,0,0,0,1
184696247,184696251,179232,66,0,0,0,0,1
185931194,185931196,179232,107,0,0,0,1,0
186148233,186148234,212607,69,0,0,0,0,1
187254759,187254761,1,74,1,0,0,0,3
187254759,187254763,1,74,0,0,0,0,5
187266104,187266106,189668,109,0,2,2,5,50
188701072,188701073,212607,74,0,0,0,0,1
189658085,189658087,1,36,0,0,0,0,1
189658085,189658089,1,36,0,0,0,1,7
189677315,189677317,1,143,1,0,0,0,4
189677315,189677319,1,143,0,0,0,0,4
189677315,189677322,1,143,1,0,0,0,4
190290064,185903458,245735,47,0,0,0,1,2
190290064,190290066,245735,47,0,0,0,0,1
191477618,191477622,162514,22,0,0,0,0,1
191477618,197539506,1,22,0,0,0,0,2
191477618,197539507,1,22,0,0,0,0,1
191548108,191548110,245735,75,0,0,0,0,1
191548108,191548115,245735,75,0,0,0,0,1
191629873,191629875,20704,143,0,0,0,0,1
192036708,192036712,213861,36,0,0,0,0,1
193310183,193310185,1,31,0,1,0,0,2
193310183,193310187,1,31,1,0,0,0,4
193979830,193979836,1,42,0,0,0,0,1
194034217,194034219,1,97,0,0,0,0,1
194037967,194037971,1,97,0,0,0,0,1
194041787,194041789,1,100,0,0,0,0,1
194487223,194487225,1,51,0,0,0,0,1
194487223,194487227,1,51,0,0,0,0,1
194489407,194489409,1,52,0,0,0,0,2
194489407,194489411,1,52,0,0,0,0,1
194490386,194490388,1,50,0,0,0,1,2
195231233,195231235,122357,146,0,0,0,0,1
195247535,195247539,213861,51,0,0,0,0,1
195311658,195311660,122357,138,0,0,0,0,2
195311658,195311664,122357,138,0,0,0,0,1
195311658,195311668,122357,138,0,0,0,0,1
195318889,195318891,122357,139,0,0,0,1,2
195318889,195318893,122357,139,0,0,0,0,1
195334253,195334257,122357,137,0,0,0,0,2
195334253,195334266,122357,137,0,0,0,0,3
197119751,197119752,80348,108,0,0,0,0,3
197553025,197553033,1,27,0,0,0,0,1
197670818,197670822,1,73,0,0,0,1,0
198587877,195319301,1,112,0,0,1,0,5
198587877,195319304,1,112,1,1,0,1,5
198648645,198648649,1,150,0,0,0,0,1
